"filename", "language", "PHP", "Dotenv", "JSON", "Log", "Markdown", "Shell Script", "MS SQL", "PostCSS", "JavaScript", "comment", "blank", "total"
"d:\Project\PHP\Luminode\Open_Luminode\.env", "Dotenv", 0, 6, 0, 0, 0, 0, 0, 0, 0, 2, 1, 9
"d:\Project\PHP\Luminode\Open_Luminode\README.md", "Markdown", 0, 0, 0, 0, 46, 0, 0, 0, 0, 0, 13, 59
"d:\Project\PHP\Luminode\Open_Luminode\app\Controllers\AuthController.php", "PHP", 67, 0, 0, 0, 0, 0, 0, 0, 0, 5, 17, 89
"d:\Project\PHP\Luminode\Open_Luminode\app\Controllers\HomeController.php", "PHP", 29, 0, 0, 0, 0, 0, 0, 0, 0, 2, 7, 38
"d:\Project\PHP\Luminode\Open_Luminode\app\Controllers\TestController.php", "PHP", 24, 0, 0, 0, 0, 0, 0, 0, 0, 0, 6, 30
"d:\Project\PHP\Luminode\Open_Luminode\app\Models\Comment.php", "PHP", 15, 0, 0, 0, 0, 0, 0, 0, 0, 3, 5, 23
"d:\Project\PHP\Luminode\Open_Luminode\app\Models\Post.php", "PHP", 14, 0, 0, 0, 0, 0, 0, 0, 0, 10, 5, 29
"d:\Project\PHP\Luminode\Open_Luminode\app\Models\User.php", "PHP", 12, 0, 0, 0, 0, 0, 0, 0, 0, 10, 5, 27
"d:\Project\PHP\Luminode\Open_Luminode\composer.json", "JSON", 0, 0, 21, 0, 0, 0, 0, 0, 0, 0, 2, 23
"d:\Project\PHP\Luminode\Open_Luminode\composer.lock", "JSON", 0, 0, 1462, 0, 0, 0, 0, 0, 0, 0, 1, 1463
"d:\Project\PHP\Luminode\Open_Luminode\config\bootstrap.php", "PHP", 42, 0, 0, 0, 0, 0, 0, 0, 0, 5, 7, 54
"d:\Project\PHP\Luminode\Open_Luminode\config\database.php", "PHP", 15, 0, 0, 0, 0, 0, 0, 0, 0, 3, 4, 22
"d:\Project\PHP\Luminode\Open_Luminode\install.sql", "MS SQL", 0, 0, 0, 0, 0, 0, 29, 0, 0, 30, 15, 74
"d:\Project\PHP\Luminode\Open_Luminode\public\index.php", "PHP", 91, 0, 0, 0, 0, 0, 0, 0, 0, 22, 19, 132
"d:\Project\PHP\Luminode\Open_Luminode\resources\views\form.php", "PHP", 39, 0, 0, 0, 0, 0, 0, 0, 0, 0, 8, 47
"d:\Project\PHP\Luminode\Open_Luminode\resources\views\home.php", "PHP", 22, 0, 0, 0, 0, 0, 0, 0, 0, 0, 4, 26
"d:\Project\PHP\Luminode\Open_Luminode\resources\views\layout.php", "PHP", 23, 0, 0, 0, 0, 0, 0, 0, 0, 0, 1, 24
"d:\Project\PHP\Luminode\Open_Luminode\resources\views\login.php", "PHP", 23, 0, 0, 0, 0, 0, 0, 0, 0, 0, 1, 24
"d:\Project\PHP\Luminode\Open_Luminode\resources\views\profile.php", "PHP", 17, 0, 0, 0, 0, 0, 0, 0, 0, 0, 1, 18
"d:\Project\PHP\Luminode\Open_Luminode\resources\views\register.php", "PHP", 31, 0, 0, 0, 0, 0, 0, 0, 0, 0, 1, 32
"d:\Project\PHP\Luminode\Open_Luminode\resources\views\test.php", "PHP", 12, 0, 0, 0, 0, 0, 0, 0, 0, 0, 3, 15
"d:\Project\PHP\Luminode\Open_Luminode\routes\web.php", "PHP", 25, 0, 0, 0, 0, 0, 0, 0, 0, 4, 9, 38
"d:\Project\PHP\Luminode\Open_Luminode\src\Auth.php", "PHP", 58, 0, 0, 0, 0, 0, 0, 0, 0, 36, 15, 109
"d:\Project\PHP\Luminode\Open_Luminode\src\Cache.php", "PHP", 46, 0, 0, 0, 0, 0, 0, 0, 0, 8, 12, 66
"d:\Project\PHP\Luminode\Open_Luminode\src\Console\Commands\MakeControllerCommand.php", "PHP", 48, 0, 0, 0, 0, 0, 0, 0, 0, 0, 16, 64
"d:\Project\PHP\Luminode\Open_Luminode\src\Console\Commands\MakeModelCommand.php", "PHP", 56, 0, 0, 0, 0, 0, 0, 0, 0, 1, 15, 72
"d:\Project\PHP\Luminode\Open_Luminode\src\Console\Commands\MakeViewCommand.php", "PHP", 41, 0, 0, 0, 0, 0, 0, 0, 0, 1, 15, 57
"d:\Project\PHP\Luminode\Open_Luminode\src\Console\Commands\RouteListCommand.php", "PHP", 35, 0, 0, 0, 0, 0, 0, 0, 0, 0, 12, 47
"d:\Project\PHP\Luminode\Open_Luminode\src\Controller.php", "PHP", 58, 0, 0, 0, 0, 0, 0, 0, 0, 0, 80, 138
"d:\Project\PHP\Luminode\Open_Luminode\src\Database.php", "PHP", 65, 0, 0, 0, 0, 0, 0, 0, 0, 5, 16, 86
"d:\Project\PHP\Luminode\Open_Luminode\src\Exceptions\CsrfTokenMismatchException.php", "PHP", 6, 0, 0, 0, 0, 0, 0, 0, 0, 0, 3, 9
"d:\Project\PHP\Luminode\Open_Luminode\src\Exceptions\RouteNotFoundException.php", "PHP", 5, 0, 0, 0, 0, 0, 0, 0, 0, 0, 3, 8
"d:\Project\PHP\Luminode\Open_Luminode\src\Exceptions\ViewNotFoundException.php", "PHP", 6, 0, 0, 0, 0, 0, 0, 0, 0, 1, 4, 11
"d:\Project\PHP\Luminode\Open_Luminode\src\FileUploader.php", "PHP", 85, 0, 0, 0, 0, 0, 0, 0, 0, 11, 25, 121
"d:\Project\PHP\Luminode\Open_Luminode\src\Middleware\Authenticate.php", "PHP", 21, 0, 0, 0, 0, 0, 0, 0, 0, 9, 7, 37
"d:\Project\PHP\Luminode\Open_Luminode\src\Middleware\CsrfMiddleware.php", "PHP", 39, 0, 0, 0, 0, 0, 0, 0, 0, 24, 12, 75
"d:\Project\PHP\Luminode\Open_Luminode\src\Middleware\LogRequestMiddleware.php", "PHP", 23, 0, 0, 0, 0, 0, 0, 0, 0, 1, 10, 34
"d:\Project\PHP\Luminode\Open_Luminode\src\Middleware\MiddlewareInterface.php", "PHP", 9, 0, 0, 0, 0, 0, 0, 0, 0, 11, 4, 24
"d:\Project\PHP\Luminode\Open_Luminode\src\ORM\BaseModel.php", "PHP", 218, 0, 0, 0, 0, 0, 0, 0, 0, 16, 45, 279
"d:\Project\PHP\Luminode\Open_Luminode\src\ORM\QueryBuilder.php", "PHP", 160, 0, 0, 0, 0, 0, 0, 0, 0, 0, 40, 200
"d:\Project\PHP\Luminode\Open_Luminode\src\ORM\Relations\BelongsTo.php", "PHP", 35, 0, 0, 0, 0, 0, 0, 0, 0, 13, 9, 57
"d:\Project\PHP\Luminode\Open_Luminode\src\ORM\Relations\HasMany.php", "PHP", 35, 0, 0, 0, 0, 0, 0, 0, 0, 13, 9, 57
"d:\Project\PHP\Luminode\Open_Luminode\src\Paginator.php", "PHP", 20, 0, 0, 0, 0, 0, 0, 0, 0, 10, 7, 37
"d:\Project\PHP\Luminode\Open_Luminode\src\Response.php", "PHP", 30, 0, 0, 0, 0, 0, 0, 0, 0, 22, 9, 61
"d:\Project\PHP\Luminode\Open_Luminode\src\Router.php", "PHP", 212, 0, 0, 0, 0, 0, 0, 0, 0, 3, 44, 259
"d:\Project\PHP\Luminode\Open_Luminode\src\Template.php", "PHP", 74, 0, 0, 0, 0, 0, 0, 0, 0, 6, 19, 99
"d:\Project\PHP\Luminode\Open_Luminode\src\Validation\Validator.php", "PHP", 83, 0, 0, 0, 0, 0, 0, 0, 0, 1, 11, 95
"d:\Project\PHP\Luminode\Open_Luminode\src\helpers.php", "PHP", 44, 0, 0, 0, 0, 0, 0, 0, 0, 40, 8, 92
"d:\Project\PHP\Luminode\Open_Luminode\storage\logs\app.log", "Log", 0, 0, 0, 40, 0, 0, 0, 0, 0, 0, 1, 41
"d:\Project\PHP\Luminode\Open_Luminode\vendor\autoload.php", "PHP", 17, 0, 0, 0, 0, 0, 0, 0, 0, 1, 5, 23
"d:\Project\PHP\Luminode\Open_Luminode\vendor\composer\ClassLoader.php", "PHP", 286, 0, 0, 0, 0, 0, 0, 0, 0, 235, 59, 580
"d:\Project\PHP\Luminode\Open_Luminode\vendor\composer\InstalledVersions.php", "PHP", 196, 0, 0, 0, 0, 0, 0, 0, 0, 147, 54, 397
"d:\Project\PHP\Luminode\Open_Luminode\vendor\composer\autoload_classmap.php", "PHP", 12, 0, 0, 0, 0, 0, 0, 0, 0, 1, 4, 17
"d:\Project\PHP\Luminode\Open_Luminode\vendor\composer\autoload_files.php", "PHP", 14, 0, 0, 0, 0, 0, 0, 0, 0, 1, 4, 19
"d:\Project\PHP\Luminode\Open_Luminode\vendor\composer\autoload_namespaces.php", "PHP", 5, 0, 0, 0, 0, 0, 0, 0, 0, 1, 4, 10
"d:\Project\PHP\Luminode\Open_Luminode\vendor\composer\autoload_psr4.php", "PHP", 25, 0, 0, 0, 0, 0, 0, 0, 0, 1, 4, 30
"d:\Project\PHP\Luminode\Open_Luminode\vendor\composer\autoload_real.php", "PHP", 35, 0, 0, 0, 0, 0, 0, 0, 0, 4, 12, 51
"d:\Project\PHP\Luminode\Open_Luminode\vendor\composer\autoload_static.php", "PHP", 164, 0, 0, 0, 0, 0, 0, 0, 0, 1, 9, 174
"d:\Project\PHP\Luminode\Open_Luminode\vendor\composer\installed.json", "JSON", 0, 0, 1506, 0, 0, 0, 0, 0, 0, 0, 1, 1507
"d:\Project\PHP\Luminode\Open_Luminode\vendor\composer\installed.php", "PHP", 207, 0, 0, 0, 0, 0, 0, 0, 0, 0, 1, 208
"d:\Project\PHP\Luminode\Open_Luminode\vendor\composer\platform_check.php", "PHP", 20, 0, 0, 0, 0, 0, 0, 0, 0, 1, 5, 26
"d:\Project\PHP\Luminode\Open_Luminode\vendor\filp\whoops\CHANGELOG.md", "Markdown", 0, 0, 0, 0, 89, 0, 0, 0, 0, 0, 80, 169
"d:\Project\PHP\Luminode\Open_Luminode\vendor\filp\whoops\LICENSE.md", "Markdown", 0, 0, 0, 0, 16, 0, 0, 0, 0, 0, 4, 20
"d:\Project\PHP\Luminode\Open_Luminode\vendor\filp\whoops\SECURITY.md", "Markdown", 0, 0, 0, 0, 6, 0, 0, 0, 0, 0, 7, 13
"d:\Project\PHP\Luminode\Open_Luminode\vendor\filp\whoops\composer.json", "JSON", 0, 0, 46, 0, 0, 0, 0, 0, 0, 0, 1, 47
"d:\Project\PHP\Luminode\Open_Luminode\vendor\filp\whoops\src\Whoops\Exception\ErrorException.php", "PHP", 6, 0, 0, 0, 0, 0, 0, 0, 0, 8, 4, 18
"d:\Project\PHP\Luminode\Open_Luminode\vendor\filp\whoops\src\Whoops\Exception\Formatter.php", "PHP", 53, 0, 0, 0, 0, 0, 0, 0, 0, 13, 12, 78
"d:\Project\PHP\Luminode\Open_Luminode\vendor\filp\whoops\src\Whoops\Exception\Frame.php", "PHP", 152, 0, 0, 0, 0, 0, 0, 0, 0, 119, 41, 312
"d:\Project\PHP\Luminode\Open_Luminode\vendor\filp\whoops\src\Whoops\Exception\FrameCollection.php", "PHP", 113, 0, 0, 0, 0, 0, 0, 0, 0, 81, 26, 220
"d:\Project\PHP\Luminode\Open_Luminode\vendor\filp\whoops\src\Whoops\Exception\Inspector.php", "PHP", 187, 0, 0, 0, 0, 0, 0, 0, 0, 104, 51, 342
"d:\Project\PHP\Luminode\Open_Luminode\vendor\filp\whoops\src\Whoops\Handler\CallbackHandler.php", "PHP", 24, 0, 0, 0, 0, 0, 0, 0, 0, 21, 8, 53
"d:\Project\PHP\Luminode\Open_Luminode\vendor\filp\whoops\src\Whoops\Handler\Handler.php", "PHP", 37, 0, 0, 0, 0, 0, 0, 0, 0, 46, 13, 96
"d:\Project\PHP\Luminode\Open_Luminode\vendor\filp\whoops\src\Whoops\Handler\HandlerInterface.php", "PHP", 11, 0, 0, 0, 0, 0, 0, 0, 0, 19, 7, 37
"d:\Project\PHP\Luminode\Open_Luminode\vendor\filp\whoops\src\Whoops\Handler\JsonResponseHandler.php", "PHP", 49, 0, 0, 0, 0, 0, 0, 0, 0, 30, 12, 91
"d:\Project\PHP\Luminode\Open_Luminode\vendor\filp\whoops\src\Whoops\Handler\PlainTextHandler.php", "PHP", 186, 0, 0, 0, 0, 0, 0, 0, 0, 125, 49, 360
"d:\Project\PHP\Luminode\Open_Luminode\vendor\filp\whoops\src\Whoops\Handler\PrettyPageHandler.php", "PHP", 404, 0, 0, 0, 0, 0, 0, 0, 0, 333, 98, 835
"d:\Project\PHP\Luminode\Open_Luminode\vendor\filp\whoops\src\Whoops\Handler\XmlResponseHandler.php", "PHP", 56, 0, 0, 0, 0, 0, 0, 0, 0, 35, 18, 109
"d:\Project\PHP\Luminode\Open_Luminode\vendor\filp\whoops\src\Whoops\Inspector\InspectorFactory.php", "PHP", 10, 0, 0, 0, 0, 0, 0, 0, 0, 8, 4, 22
"d:\Project\PHP\Luminode\Open_Luminode\vendor\filp\whoops\src\Whoops\Inspector\InspectorFactoryInterface.php", "PHP", 6, 0, 0, 0, 0, 0, 0, 0, 0, 8, 3, 17
"d:\Project\PHP\Luminode\Open_Luminode\vendor\filp\whoops\src\Whoops\Inspector\InspectorInterface.php", "PHP", 15, 0, 0, 0, 0, 0, 0, 0, 0, 45, 12, 72
"d:\Project\PHP\Luminode\Open_Luminode\vendor\filp\whoops\src\Whoops\Resources\css\prism.css", "PostCSS", 0, 0, 0, 0, 0, 0, 0, 3, 0, 2, 1, 6
"d:\Project\PHP\Luminode\Open_Luminode\vendor\filp\whoops\src\Whoops\Resources\css\whoops.base.css", "PostCSS", 0, 0, 0, 0, 0, 0, 0, 477, 0, 5, 83, 565
"d:\Project\PHP\Luminode\Open_Luminode\vendor\filp\whoops\src\Whoops\Resources\js\clipboard.min.js", "JavaScript", 0, 0, 0, 0, 0, 0, 0, 0, 1, 6, 0, 7
"d:\Project\PHP\Luminode\Open_Luminode\vendor\filp\whoops\src\Whoops\Resources\js\prism.js", "JavaScript", 0, 0, 0, 0, 0, 0, 0, 0, 6, 2, 1, 9
"d:\Project\PHP\Luminode\Open_Luminode\vendor\filp\whoops\src\Whoops\Resources\js\whoops.base.js", "JavaScript", 0, 0, 0, 0, 0, 0, 0, 0, 151, 25, 40, 216
"d:\Project\PHP\Luminode\Open_Luminode\vendor\filp\whoops\src\Whoops\Resources\js\zepto.min.js", "JavaScript", 0, 0, 0, 0, 0, 0, 0, 0, 1, 1, 0, 2
"d:\Project\PHP\Luminode\Open_Luminode\vendor\filp\whoops\src\Whoops\Resources\views\env_details.html.php", "PHP", 39, 0, 0, 0, 0, 0, 0, 0, 0, 0, 4, 43
"d:\Project\PHP\Luminode\Open_Luminode\vendor\filp\whoops\src\Whoops\Resources\views\frame_code.html.php", "PHP", 56, 0, 0, 0, 0, 0, 0, 0, 0, 5, 7, 68
"d:\Project\PHP\Luminode\Open_Luminode\vendor\filp\whoops\src\Whoops\Resources\views\frame_list.html.php", "PHP", 15, 0, 0, 0, 0, 0, 0, 0, 0, 1, 2, 18
"d:\Project\PHP\Luminode\Open_Luminode\vendor\filp\whoops\src\Whoops\Resources\views\frames_container.html.php", "PHP", 3, 0, 0, 0, 0, 0, 0, 0, 0, 0, 0, 3
"d:\Project\PHP\Luminode\Open_Luminode\vendor\filp\whoops\src\Whoops\Resources\views\frames_description.html.php", "PHP", 14, 0, 0, 0, 0, 0, 0, 0, 0, 0, 1, 15
"d:\Project\PHP\Luminode\Open_Luminode\vendor\filp\whoops\src\Whoops\Resources\views\header.html.php", "PHP", 87, 0, 0, 0, 0, 0, 0, 0, 0, 0, 10, 97
"d:\Project\PHP\Luminode\Open_Luminode\vendor\filp\whoops\src\Whoops\Resources\views\header_outer.html.php", "PHP", 3, 0, 0, 0, 0, 0, 0, 0, 0, 0, 1, 4
"d:\Project\PHP\Luminode\Open_Luminode\vendor\filp\whoops\src\Whoops\Resources\views\layout.html.php", "PHP", 25, 0, 0, 0, 0, 0, 0, 0, 0, 3, 7, 35
"d:\Project\PHP\Luminode\Open_Luminode\vendor\filp\whoops\src\Whoops\Resources\views\panel_details.html.php", "PHP", 2, 0, 0, 0, 0, 0, 0, 0, 0, 0, 0, 2
"d:\Project\PHP\Luminode\Open_Luminode\vendor\filp\whoops\src\Whoops\Resources\views\panel_details_outer.html.php", "PHP", 3, 0, 0, 0, 0, 0, 0, 0, 0, 0, 0, 3
"d:\Project\PHP\Luminode\Open_Luminode\vendor\filp\whoops\src\Whoops\Resources\views\panel_left.html.php", "PHP", 4, 0, 0, 0, 0, 0, 0, 0, 0, 0, 1, 5
"d:\Project\PHP\Luminode\Open_Luminode\vendor\filp\whoops\src\Whoops\Resources\views\panel_left_outer.html.php", "PHP", 3, 0, 0, 0, 0, 0, 0, 0, 0, 0, 0, 3
"d:\Project\PHP\Luminode\Open_Luminode\vendor\filp\whoops\src\Whoops\Run.php", "PHP", 288, 0, 0, 0, 0, 0, 0, 0, 0, 241, 79, 608
"d:\Project\PHP\Luminode\Open_Luminode\vendor\filp\whoops\src\Whoops\RunInterface.php", "PHP", 28, 0, 0, 0, 0, 0, 0, 0, 0, 110, 21, 159
"d:\Project\PHP\Luminode\Open_Luminode\vendor\filp\whoops\src\Whoops\Util\HtmlDumperOutput.php", "PHP", 20, 0, 0, 0, 0, 0, 0, 0, 0, 11, 6, 37
"d:\Project\PHP\Luminode\Open_Luminode\vendor\filp\whoops\src\Whoops\Util\Misc.php", "PHP", 41, 0, 0, 0, 0, 0, 0, 0, 0, 30, 7, 78
"d:\Project\PHP\Luminode\Open_Luminode\vendor\filp\whoops\src\Whoops\Util\SystemFacade.php", "PHP", 67, 0, 0, 0, 0, 0, 0, 0, 0, 61, 17, 145
"d:\Project\PHP\Luminode\Open_Luminode\vendor\filp\whoops\src\Whoops\Util\TemplateHelper.php", "PHP", 170, 0, 0, 0, 0, 0, 0, 0, 0, 135, 45, 350
"d:\Project\PHP\Luminode\Open_Luminode\vendor\graham-campbell\result-type\composer.json", "JSON", 0, 0, 33, 0, 0, 0, 0, 0, 0, 0, 1, 34
"d:\Project\PHP\Luminode\Open_Luminode\vendor\graham-campbell\result-type\src\Error.php", "PHP", 37, 0, 0, 0, 0, 0, 0, 0, 0, 72, 13, 122
"d:\Project\PHP\Luminode\Open_Luminode\vendor\graham-campbell\result-type\src\Result.php", "PHP", 11, 0, 0, 0, 0, 0, 0, 0, 0, 50, 9, 70
"d:\Project\PHP\Luminode\Open_Luminode\vendor\graham-campbell\result-type\src\Success.php", "PHP", 37, 0, 0, 0, 0, 0, 0, 0, 0, 71, 13, 121
"d:\Project\PHP\Luminode\Open_Luminode\vendor\laravel\serializable-closure\LICENSE.md", "Markdown", 0, 0, 0, 0, 17, 0, 0, 0, 0, 0, 5, 22
"d:\Project\PHP\Luminode\Open_Luminode\vendor\laravel\serializable-closure\README.md", "Markdown", 0, 0, 0, 0, 47, 0, 0, 0, 0, 0, 27, 74
"d:\Project\PHP\Luminode\Open_Luminode\vendor\laravel\serializable-closure\composer.json", "JSON", 0, 0, 53, 0, 0, 0, 0, 0, 0, 0, 1, 54
"d:\Project\PHP\Luminode\Open_Luminode\vendor\laravel\serializable-closure\src\Contracts\Serializable.php", "PHP", 7, 0, 0, 0, 0, 0, 0, 0, 0, 10, 4, 21
"d:\Project\PHP\Luminode\Open_Luminode\vendor\laravel\serializable-closure\src\Contracts\Signer.php", "PHP", 7, 0, 0, 0, 0, 0, 0, 0, 0, 12, 4, 23
"d:\Project\PHP\Luminode\Open_Luminode\vendor\laravel\serializable-closure\src\Exceptions\InvalidSignatureException.php", "PHP", 10, 0, 0, 0, 0, 0, 0, 0, 0, 6, 4, 20
"d:\Project\PHP\Luminode\Open_Luminode\vendor\laravel\serializable-closure\src\Exceptions\MissingSecretKeyException.php", "PHP", 10, 0, 0, 0, 0, 0, 0, 0, 0, 6, 4, 20
"d:\Project\PHP\Luminode\Open_Luminode\vendor\laravel\serializable-closure\src\Exceptions\PhpVersionNotSupportedException.php", "PHP", 10, 0, 0, 0, 0, 0, 0, 0, 0, 6, 4, 20
"d:\Project\PHP\Luminode\Open_Luminode\vendor\laravel\serializable-closure\src\SerializableClosure.php", "PHP", 55, 0, 0, 0, 0, 0, 0, 0, 0, 58, 14, 127
"d:\Project\PHP\Luminode\Open_Luminode\vendor\laravel\serializable-closure\src\Serializers\Native.php", "PHP", 319, 0, 0, 0, 0, 0, 0, 0, 0, 95, 111, 525
"d:\Project\PHP\Luminode\Open_Luminode\vendor\laravel\serializable-closure\src\Serializers\Signed.php", "PHP", 39, 0, 0, 0, 0, 0, 0, 0, 0, 40, 13, 92
"d:\Project\PHP\Luminode\Open_Luminode\vendor\laravel\serializable-closure\src\Signers\Hmac.php", "PHP", 24, 0, 0, 0, 0, 0, 0, 0, 0, 23, 7, 54
"d:\Project\PHP\Luminode\Open_Luminode\vendor\laravel\serializable-closure\src\Support\ClosureScope.php", "PHP", 8, 0, 0, 0, 0, 0, 0, 0, 0, 10, 5, 23
"d:\Project\PHP\Luminode\Open_Luminode\vendor\laravel\serializable-closure\src\Support\ClosureStream.php", "PHP", 73, 0, 0, 0, 0, 0, 0, 0, 0, 84, 25, 182
"d:\Project\PHP\Luminode\Open_Luminode\vendor\laravel\serializable-closure\src\Support\ReflectionClosure.php", "PHP", 1051, 0, 0, 0, 0, 0, 0, 0, 0, 94, 99, 1244
"d:\Project\PHP\Luminode\Open_Luminode\vendor\laravel\serializable-closure\src\Support\SelfReference.php", "PHP", 10, 0, 0, 0, 0, 0, 0, 0, 0, 11, 4, 25
"d:\Project\PHP\Luminode\Open_Luminode\vendor\laravel\serializable-closure\src\UnsignedSerializableClosure.php", "PHP", 29, 0, 0, 0, 0, 0, 0, 0, 0, 32, 9, 70
"d:\Project\PHP\Luminode\Open_Luminode\vendor\monolog\monolog\CHANGELOG.md", "Markdown", 0, 0, 0, 0, 623, 0, 0, 0, 0, 0, 172, 795
"d:\Project\PHP\Luminode\Open_Luminode\vendor\monolog\monolog\README.md", "Markdown", 0, 0, 0, 0, 99, 0, 0, 0, 0, 0, 37, 136
"d:\Project\PHP\Luminode\Open_Luminode\vendor\monolog\monolog\composer.json", "JSON", 0, 0, 82, 0, 0, 0, 0, 0, 0, 0, 1, 83
"d:\Project\PHP\Luminode\Open_Luminode\vendor\monolog\monolog\src\Monolog\Attribute\AsMonologProcessor.php", "PHP", 13, 0, 0, 0, 0, 0, 0, 0, 0, 22, 4, 39
"d:\Project\PHP\Luminode\Open_Luminode\vendor\monolog\monolog\src\Monolog\Attribute\WithMonologChannel.php", "PHP", 10, 0, 0, 0, 0, 0, 0, 0, 0, 16, 4, 30
"d:\Project\PHP\Luminode\Open_Luminode\vendor\monolog\monolog\src\Monolog\DateTimeImmutable.php", "PHP", 8, 0, 0, 0, 0, 0, 0, 0, 0, 12, 5, 25
"d:\Project\PHP\Luminode\Open_Luminode\vendor\monolog\monolog\src\Monolog\ErrorHandler.php", "PHP", 185, 0, 0, 0, 0, 0, 0, 0, 0, 55, 40, 280
"d:\Project\PHP\Luminode\Open_Luminode\vendor\monolog\monolog\src\Monolog\Formatter\ChromePHPFormatter.php", "PHP", 52, 0, 0, 0, 0, 0, 0, 0, 0, 25, 11, 88
"d:\Project\PHP\Luminode\Open_Luminode\vendor\monolog\monolog\src\Monolog\Formatter\ElasticaFormatter.php", "PHP", 35, 0, 0, 0, 0, 0, 0, 0, 0, 36, 14, 85
"d:\Project\PHP\Luminode\Open_Luminode\vendor\monolog\monolog\src\Monolog\Formatter\ElasticsearchFormatter.php", "PHP", 34, 0, 0, 0, 0, 0, 0, 0, 0, 39, 14, 87
"d:\Project\PHP\Luminode\Open_Luminode\vendor\monolog\monolog\src\Monolog\Formatter\FlowdockFormatter.php", "PHP", 64, 0, 0, 0, 0, 0, 0, 0, 0, 24, 19, 107
"d:\Project\PHP\Luminode\Open_Luminode\vendor\monolog\monolog\src\Monolog\Formatter\FluentdFormatter.php", "PHP", 41, 0, 0, 0, 0, 0, 0, 0, 0, 32, 13, 86
"d:\Project\PHP\Luminode\Open_Luminode\vendor\monolog\monolog\src\Monolog\Formatter\FormatterInterface.php", "PHP", 8, 0, 0, 0, 0, 0, 0, 0, 0, 25, 6, 39
"d:\Project\PHP\Luminode\Open_Luminode\vendor\monolog\monolog\src\Monolog\Formatter\GelfMessageFormatter.php", "PHP", 88, 0, 0, 0, 0, 0, 0, 0, 0, 38, 25, 151
"d:\Project\PHP\Luminode\Open_Luminode\vendor\monolog\monolog\src\Monolog\Formatter\GoogleCloudLoggingFormatter.php", "PHP", 15, 0, 0, 0, 0, 0, 0, 0, 0, 18, 8, 41
"d:\Project\PHP\Luminode\Open_Luminode\vendor\monolog\monolog\src\Monolog\Formatter\HtmlFormatter.php", "PHP", 79, 0, 0, 0, 0, 0, 0, 0, 0, 46, 18, 143
"d:\Project\PHP\Luminode\Open_Luminode\vendor\monolog\monolog\src\Monolog\Formatter\JsonFormatter.php", "PHP", 127, 0, 0, 0, 0, 0, 0, 0, 0, 64, 40, 231
"d:\Project\PHP\Luminode\Open_Luminode\vendor\monolog\monolog\src\Monolog\Formatter\LineFormatter.php", "PHP", 202, 0, 0, 0, 0, 0, 0, 0, 0, 56, 56, 314
"d:\Project\PHP\Luminode\Open_Luminode\vendor\monolog\monolog\src\Monolog\Formatter\LogglyFormatter.php", "PHP", 17, 0, 0, 0, 0, 0, 0, 0, 0, 23, 8, 48
"d:\Project\PHP\Luminode\Open_Luminode\vendor\monolog\monolog\src\Monolog\Formatter\LogmaticFormatter.php", "PHP", 31, 0, 0, 0, 0, 0, 0, 0, 0, 25, 15, 71
"d:\Project\PHP\Luminode\Open_Luminode\vendor\monolog\monolog\src\Monolog\Formatter\LogstashFormatter.php", "PHP", 50, 0, 0, 0, 0, 0, 0, 0, 0, 38, 13, 101
"d:\Project\PHP\Luminode\Open_Luminode\vendor\monolog\monolog\src\Monolog\Formatter\MongoDBFormatter.php", "PHP", 89, 0, 0, 0, 0, 0, 0, 0, 0, 46, 25, 160
"d:\Project\PHP\Luminode\Open_Luminode\vendor\monolog\monolog\src\Monolog\Formatter\NormalizerFormatter.php", "PHP", 208, 0, 0, 0, 0, 0, 0, 0, 0, 87, 59, 354
"d:\Project\PHP\Luminode\Open_Luminode\vendor\monolog\monolog\src\Monolog\Formatter\ScalarFormatter.php", "PHP", 22, 0, 0, 0, 0, 0, 0, 0, 0, 19, 9, 50
"d:\Project\PHP\Luminode\Open_Luminode\vendor\monolog\monolog\src\Monolog\Formatter\SyslogFormatter.php", "PHP", 37, 0, 0, 0, 0, 0, 0, 0, 0, 17, 12, 66
"d:\Project\PHP\Luminode\Open_Luminode\vendor\monolog\monolog\src\Monolog\Formatter\WildfireFormatter.php", "PHP", 83, 0, 0, 0, 0, 0, 0, 0, 0, 40, 15, 138
"d:\Project\PHP\Luminode\Open_Luminode\vendor\monolog\monolog\src\Monolog\Handler\AbstractHandler.php", "PHP", 42, 0, 0, 0, 0, 0, 0, 0, 0, 49, 14, 105
"d:\Project\PHP\Luminode\Open_Luminode\vendor\monolog\monolog\src\Monolog\Handler\AbstractProcessingHandler.php", "PHP", 26, 0, 0, 0, 0, 0, 0, 0, 0, 22, 13, 61
"d:\Project\PHP\Luminode\Open_Luminode\vendor\monolog\monolog\src\Monolog\Handler\AbstractSyslogHandler.php", "PHP", 59, 0, 0, 0, 0, 0, 0, 0, 0, 25, 12, 96
"d:\Project\PHP\Luminode\Open_Luminode\vendor\monolog\monolog\src\Monolog\Handler\AmqpHandler.php", "PHP", 107, 0, 0, 0, 0, 0, 0, 0, 0, 37, 27, 171
"d:\Project\PHP\Luminode\Open_Luminode\vendor\monolog\monolog\src\Monolog\Handler\BrowserConsoleHandler.php", "PHP", 183, 0, 0, 0, 0, 0, 0, 0, 0, 72, 46, 301
"d:\Project\PHP\Luminode\Open_Luminode\vendor\monolog\monolog\src\Monolog\Handler\BufferHandler.php", "PHP", 96, 0, 0, 0, 0, 0, 0, 0, 0, 41, 34, 171
"d:\Project\PHP\Luminode\Open_Luminode\vendor\monolog\monolog\src\Monolog\Handler\ChromePHPHandler.php", "PHP", 102, 0, 0, 0, 0, 0, 0, 0, 0, 53, 32, 187
"d:\Project\PHP\Luminode\Open_Luminode\vendor\monolog\monolog\src\Monolog\Handler\CouchDBHandler.php", "PHP", 45, 0, 0, 0, 0, 0, 0, 0, 0, 42, 11, 98
"d:\Project\PHP\Luminode\Open_Luminode\vendor\monolog\monolog\src\Monolog\Handler\CubeHandler.php", "PHP", 102, 0, 0, 0, 0, 0, 0, 0, 0, 38, 28, 168
"d:\Project\PHP\Luminode\Open_Luminode\vendor\monolog\monolog\src\Monolog\Handler\Curl\Util.php", "PHP", 38, 0, 0, 0, 0, 0, 0, 0, 0, 20, 11, 69
"d:\Project\PHP\Luminode\Open_Luminode\vendor\monolog\monolog\src\Monolog\Handler\DeduplicationHandler.php", "PHP", 98, 0, 0, 0, 0, 0, 0, 0, 0, 45, 32, 175
"d:\Project\PHP\Luminode\Open_Luminode\vendor\monolog\monolog\src\Monolog\Handler\DoctrineCouchDBHandler.php", "PHP", 24, 0, 0, 0, 0, 0, 0, 0, 0, 16, 8, 48
"d:\Project\PHP\Luminode\Open_Luminode\vendor\monolog\monolog\src\Monolog\Handler\DynamoDbHandler.php", "PHP", 42, 0, 0, 0, 0, 0, 0, 0, 0, 24, 15, 81
"d:\Project\PHP\Luminode\Open_Luminode\vendor\monolog\monolog\src\Monolog\Handler\ElasticaHandler.php", "PHP", 62, 0, 0, 0, 0, 0, 0, 0, 0, 68, 14, 144
"d:\Project\PHP\Luminode\Open_Luminode\vendor\monolog\monolog\src\Monolog\Handler\ElasticsearchHandler.php", "PHP", 118, 0, 0, 0, 0, 0, 0, 0, 0, 93, 28, 239
"d:\Project\PHP\Luminode\Open_Luminode\vendor\monolog\monolog\src\Monolog\Handler\ErrorLogHandler.php", "PHP", 50, 0, 0, 0, 0, 0, 0, 0, 0, 29, 16, 95
"d:\Project\PHP\Luminode\Open_Luminode\vendor\monolog\monolog\src\Monolog\Handler\FallbackGroupHandler.php", "PHP", 38, 0, 0, 0, 0, 0, 0, 0, 0, 23, 8, 69
"d:\Project\PHP\Luminode\Open_Luminode\vendor\monolog\monolog\src\Monolog\Handler\FilterHandler.php", "PHP", 103, 0, 0, 0, 0, 0, 0, 0, 0, 72, 28, 203
"d:\Project\PHP\Luminode\Open_Luminode\vendor\monolog\monolog\src\Monolog\Handler\FingersCrossedHandler.php", "PHP", 130, 0, 0, 0, 0, 0, 0, 0, 0, 75, 38, 243
"d:\Project\PHP\Luminode\Open_Luminode\vendor\monolog\monolog\src\Monolog\Handler\FingersCrossed\ActivationStrategyInterface.php", "PHP", 7, 0, 0, 0, 0, 0, 0, 0, 0, 16, 5, 28
"d:\Project\PHP\Luminode\Open_Luminode\vendor\monolog\monolog\src\Monolog\Handler\FingersCrossed\ChannelLevelActivationStrategy.php", "PHP", 23, 0, 0, 0, 0, 0, 0, 0, 0, 38, 9, 70
"d:\Project\PHP\Luminode\Open_Luminode\vendor\monolog\monolog\src\Monolog\Handler\FingersCrossed\ErrorLevelActivationStrategy.php", "PHP", 18, 0, 0, 0, 0, 0, 0, 0, 0, 18, 7, 43
"d:\Project\PHP\Luminode\Open_Luminode\vendor\monolog\monolog\src\Monolog\Handler\FirePHPHandler.php", "PHP", 73, 0, 0, 0, 0, 0, 0, 0, 0, 77, 25, 175
"d:\Project\PHP\Luminode\Open_Luminode\vendor\monolog\monolog\src\Monolog\Handler\FleepHookHandler.php", "PHP", 68, 0, 0, 0, 0, 0, 0, 0, 0, 47, 18, 133
"d:\Project\PHP\Luminode\Open_Luminode\vendor\monolog\monolog\src\Monolog\Handler\FlowdockHandler.php", "PHP", 70, 0, 0, 0, 0, 0, 0, 0, 0, 41, 17, 128
"d:\Project\PHP\Luminode\Open_Luminode\vendor\monolog\monolog\src\Monolog\Handler\FormattableHandlerInterface.php", "PHP", 8, 0, 0, 0, 0, 0, 0, 0, 0, 21, 6, 35
"d:\Project\PHP\Luminode\Open_Luminode\vendor\monolog\monolog\src\Monolog\Handler\FormattableHandlerTrait.php", "PHP", 24, 0, 0, 0, 0, 0, 0, 0, 0, 24, 10, 58
"d:\Project\PHP\Luminode\Open_Luminode\vendor\monolog\monolog\src\Monolog\Handler\GelfHandler.php", "PHP", 24, 0, 0, 0, 0, 0, 0, 0, 0, 26, 9, 59
"d:\Project\PHP\Luminode\Open_Luminode\vendor\monolog\monolog\src\Monolog\Handler\GroupHandler.php", "PHP", 78, 0, 0, 0, 0, 0, 0, 0, 0, 32, 21, 131
"d:\Project\PHP\Luminode\Open_Luminode\vendor\monolog\monolog\src\Monolog\Handler\Handler.php", "PHP", 33, 0, 0, 0, 0, 0, 0, 0, 0, 20, 10, 63
"d:\Project\PHP\Luminode\Open_Luminode\vendor\monolog\monolog\src\Monolog\Handler\HandlerInterface.php", "PHP", 10, 0, 0, 0, 0, 0, 0, 0, 0, 59, 8, 77
"d:\Project\PHP\Luminode\Open_Luminode\vendor\monolog\monolog\src\Monolog\Handler\HandlerWrapper.php", "PHP", 65, 0, 0, 0, 0, 0, 0, 0, 0, 49, 21, 135
"d:\Project\PHP\Luminode\Open_Luminode\vendor\monolog\monolog\src\Monolog\Handler\IFTTTHandler.php", "PHP", 37, 0, 0, 0, 0, 0, 0, 0, 0, 28, 11, 76
"d:\Project\PHP\Luminode\Open_Luminode\vendor\monolog\monolog\src\Monolog\Handler\InsightOpsHandler.php", "PHP", 42, 0, 0, 0, 0, 0, 0, 0, 0, 24, 9, 75
"d:\Project\PHP\Luminode\Open_Luminode\vendor\monolog\monolog\src\Monolog\Handler\LogEntriesHandler.php", "PHP", 40, 0, 0, 0, 0, 0, 0, 0, 0, 21, 8, 69
"d:\Project\PHP\Luminode\Open_Luminode\vendor\monolog\monolog\src\Monolog\Handler\LogglyHandler.php", "PHP", 86, 0, 0, 0, 0, 0, 0, 0, 0, 40, 31, 157
"d:\Project\PHP\Luminode\Open_Luminode\vendor\monolog\monolog\src\Monolog\Handler\LogmaticHandler.php", "PHP", 59, 0, 0, 0, 0, 0, 0, 0, 0, 25, 15, 99
"d:\Project\PHP\Luminode\Open_Luminode\vendor\monolog\monolog\src\Monolog\Handler\MailHandler.php", "PHP", 45, 0, 0, 0, 0, 0, 0, 0, 0, 33, 14, 92
"d:\Project\PHP\Luminode\Open_Luminode\vendor\monolog\monolog\src\Monolog\Handler\MandrillHandler.php", "PHP", 46, 0, 0, 0, 0, 0, 0, 0, 0, 26, 12, 84
"d:\Project\PHP\Luminode\Open_Luminode\vendor\monolog\monolog\src\Monolog\Handler\MissingExtensionException.php", "PHP", 5, 0, 0, 0, 0, 0, 0, 0, 0, 13, 4, 22
"d:\Project\PHP\Luminode\Open_Luminode\vendor\monolog\monolog\src\Monolog\Handler\MongoDBHandler.php", "PHP", 40, 0, 0, 0, 0, 0, 0, 0, 0, 31, 12, 83
"d:\Project\PHP\Luminode\Open_Luminode\vendor\monolog\monolog\src\Monolog\Handler\NativeMailerHandler.php", "PHP", 83, 0, 0, 0, 0, 0, 0, 0, 0, 66, 31, 180
"d:\Project\PHP\Luminode\Open_Luminode\vendor\monolog\monolog\src\Monolog\Handler\NewRelicHandler.php", "PHP", 98, 0, 0, 0, 0, 0, 0, 0, 0, 60, 23, 181
"d:\Project\PHP\Luminode\Open_Luminode\vendor\monolog\monolog\src\Monolog\Handler\NoopHandler.php", "PHP", 14, 0, 0, 0, 0, 0, 0, 0, 0, 23, 6, 43
"d:\Project\PHP\Luminode\Open_Luminode\vendor\monolog\monolog\src\Monolog\Handler\NullHandler.php", "PHP", 22, 0, 0, 0, 0, 0, 0, 0, 0, 27, 8, 57
"d:\Project\PHP\Luminode\Open_Luminode\vendor\monolog\monolog\src\Monolog\Handler\OverflowHandler.php", "PHP", 62, 0, 0, 0, 0, 0, 0, 0, 0, 57, 21, 140
"d:\Project\PHP\Luminode\Open_Luminode\vendor\monolog\monolog\src\Monolog\Handler\PHPConsoleHandler.php", "PHP", 178, 0, 0, 0, 0, 0, 0, 0, 0, 101, 25, 304
"d:\Project\PHP\Luminode\Open_Luminode\vendor\monolog\monolog\src\Monolog\Handler\ProcessHandler.php", "PHP", 91, 0, 0, 0, 0, 0, 0, 0, 0, 73, 28, 192
"d:\Project\PHP\Luminode\Open_Luminode\vendor\monolog\monolog\src\Monolog\Handler\ProcessableHandlerInterface.php", "PHP", 9, 0, 0, 0, 0, 0, 0, 0, 0, 29, 6, 44
"d:\Project\PHP\Luminode\Open_Luminode\vendor\monolog\monolog\src\Monolog\Handler\ProcessableHandlerTrait.php", "PHP", 36, 0, 0, 0, 0, 0, 0, 0, 0, 23, 12, 71
"d:\Project\PHP\Luminode\Open_Luminode\vendor\monolog\monolog\src\Monolog\Handler\PsrHandler.php", "PHP", 44, 0, 0, 0, 0, 0, 0, 0, 0, 32, 17, 93
"d:\Project\PHP\Luminode\Open_Luminode\vendor\monolog\monolog\src\Monolog\Handler\PushoverHandler.php", "PHP", 141, 0, 0, 0, 0, 0, 0, 0, 0, 67, 39, 247
"d:\Project\PHP\Luminode\Open_Luminode\vendor\monolog\monolog\src\Monolog\Handler\RedisHandler.php", "PHP", 50, 0, 0, 0, 0, 0, 0, 0, 0, 35, 10, 95
"d:\Project\PHP\Luminode\Open_Luminode\vendor\monolog\monolog\src\Monolog\Handler\RedisPubSubHandler.php", "PHP", 27, 0, 0, 0, 0, 0, 0, 0, 0, 30, 9, 66
"d:\Project\PHP\Luminode\Open_Luminode\vendor\monolog\monolog\src\Monolog\Handler\RollbarHandler.php", "PHP", 69, 0, 0, 0, 0, 0, 0, 0, 0, 45, 19, 133
"d:\Project\PHP\Luminode\Open_Luminode\vendor\monolog\monolog\src\Monolog\Handler\RotatingFileHandler.php", "PHP", 142, 0, 0, 0, 0, 0, 0, 0, 0, 46, 31, 219
"d:\Project\PHP\Luminode\Open_Luminode\vendor\monolog\monolog\src\Monolog\Handler\SamplingHandler.php", "PHP", 59, 0, 0, 0, 0, 0, 0, 0, 0, 44, 19, 122
"d:\Project\PHP\Luminode\Open_Luminode\vendor\monolog\monolog\src\Monolog\Handler\SendGridHandler.php", "PHP", 57, 0, 0, 0, 0, 0, 0, 0, 0, 29, 10, 96
"d:\Project\PHP\Luminode\Open_Luminode\vendor\monolog\monolog\src\Monolog\Handler\SlackHandler.php", "PHP", 149, 0, 0, 0, 0, 0, 0, 0, 0, 78, 41, 268
"d:\Project\PHP\Luminode\Open_Luminode\vendor\monolog\monolog\src\Monolog\Handler\SlackWebhookHandler.php", "PHP", 74, 0, 0, 0, 0, 0, 0, 0, 0, 35, 20, 129
"d:\Project\PHP\Luminode\Open_Luminode\vendor\monolog\monolog\src\Monolog\Handler\Slack\SlackRecord.php", "PHP", 213, 0, 0, 0, 0, 0, 0, 0, 0, 109, 60, 382
"d:\Project\PHP\Luminode\Open_Luminode\vendor\monolog\monolog\src\Monolog\Handler\SocketHandler.php", "PHP", 254, 0, 0, 0, 0, 0, 0, 0, 0, 127, 56, 437
"d:\Project\PHP\Luminode\Open_Luminode\vendor\monolog\monolog\src\Monolog\Handler\SqsHandler.php", "PHP", 33, 0, 0, 0, 0, 0, 0, 0, 0, 18, 11, 62
"d:\Project\PHP\Luminode\Open_Luminode\vendor\monolog\monolog\src\Monolog\Handler\StreamHandler.php", "PHP", 160, 0, 0, 0, 0, 0, 0, 0, 0, 55, 32, 247
"d:\Project\PHP\Luminode\Open_Luminode\vendor\monolog\monolog\src\Monolog\Handler\SymfonyMailerHandler.php", "PHP", 61, 0, 0, 0, 0, 0, 0, 0, 0, 34, 15, 110
"d:\Project\PHP\Luminode\Open_Luminode\vendor\monolog\monolog\src\Monolog\Handler\SyslogHandler.php", "PHP", 24, 0, 0, 0, 0, 0, 0, 0, 0, 31, 9, 64
"d:\Project\PHP\Luminode\Open_Luminode\vendor\monolog\monolog\src\Monolog\Handler\SyslogUdpHandler.php", "PHP", 86, 0, 0, 0, 0, 0, 0, 0, 0, 41, 28, 155
"d:\Project\PHP\Luminode\Open_Luminode\vendor\monolog\monolog\src\Monolog\Handler\SyslogUdp\UdpSocket.php", "PHP", 53, 0, 0, 0, 0, 0, 0, 0, 0, 9, 16, 78
"d:\Project\PHP\Luminode\Open_Luminode\vendor\monolog\monolog\src\Monolog\Handler\TelegramBotHandler.php", "PHP", 147, 0, 0, 0, 0, 0, 0, 0, 0, 106, 45, 298
"d:\Project\PHP\Luminode\Open_Luminode\vendor\monolog\monolog\src\Monolog\Handler\TestHandler.php", "PHP", 89, 0, 0, 0, 0, 0, 0, 0, 0, 84, 23, 196
"d:\Project\PHP\Luminode\Open_Luminode\vendor\monolog\monolog\src\Monolog\Handler\WebRequestRecognizerTrait.php", "PHP", 9, 0, 0, 0, 0, 0, 0, 0, 0, 11, 4, 24
"d:\Project\PHP\Luminode\Open_Luminode\vendor\monolog\monolog\src\Monolog\Handler\WhatFailureGroupHandler.php", "PHP", 45, 0, 0, 0, 0, 0, 0, 0, 0, 26, 10, 81
"d:\Project\PHP\Luminode\Open_Luminode\vendor\monolog\monolog\src\Monolog\Handler\ZendMonitorHandler.php", "PHP", 48, 0, 0, 0, 0, 0, 0, 0, 0, 33, 10, 91
"d:\Project\PHP\Luminode\Open_Luminode\vendor\monolog\monolog\src\Monolog\JsonSerializableDateTimeImmutable.php", "PHP", 23, 0, 0, 0, 0, 0, 0, 0, 0, 16, 10, 49
"d:\Project\PHP\Luminode\Open_Luminode\vendor\monolog\monolog\src\Monolog\Level.php", "PHP", 102, 0, 0, 0, 0, 0, 0, 0, 0, 86, 22, 210
"d:\Project\PHP\Luminode\Open_Luminode\vendor\monolog\monolog\src\Monolog\LogRecord.php", "PHP", 81, 0, 0, 0, 0, 0, 0, 0, 0, 23, 24, 128
"d:\Project\PHP\Luminode\Open_Luminode\vendor\monolog\monolog\src\Monolog\Logger.php", "PHP", 334, 0, 0, 0, 0, 0, 0, 0, 0, 326, 92, 752
"d:\Project\PHP\Luminode\Open_Luminode\vendor\monolog\monolog\src\Monolog\Processor\ClosureContextProcessor.php", "PHP", 25, 0, 0, 0, 0, 0, 0, 0, 0, 19, 8, 52
"d:\Project\PHP\Luminode\Open_Luminode\vendor\monolog\monolog\src\Monolog\Processor\GitProcessor.php", "PHP", 37, 0, 0, 0, 0, 0, 0, 0, 0, 27, 12, 76
"d:\Project\PHP\Luminode\Open_Luminode\vendor\monolog\monolog\src\Monolog\Processor\HostnameProcessor.php", "PHP", 16, 0, 0, 0, 0, 0, 0, 0, 0, 14, 8, 38
"d:\Project\PHP\Luminode\Open_Luminode\vendor\monolog\monolog\src\Monolog\Processor\IntrospectionProcessor.php", "PHP", 68, 0, 0, 0, 0, 0, 0, 0, 0, 36, 23, 127
"d:\Project\PHP\Luminode\Open_Luminode\vendor\monolog\monolog\src\Monolog\Processor\LoadAverageProcessor.php", "PHP", 34, 0, 0, 0, 0, 0, 0, 0, 0, 22, 11, 67
"d:\Project\PHP\Luminode\Open_Luminode\vendor\monolog\monolog\src\Monolog\Processor\MemoryPeakUsageProcessor.php", "PHP", 15, 0, 0, 0, 0, 0, 0, 0, 0, 17, 8, 40
"d:\Project\PHP\Luminode\Open_Luminode\vendor\monolog\monolog\src\Monolog\Processor\MemoryProcessor.php", "PHP", 24, 0, 0, 0, 0, 0, 0, 0, 0, 28, 9, 61
"d:\Project\PHP\Luminode\Open_Luminode\vendor\monolog\monolog\src\Monolog\Processor\MemoryUsageProcessor.php", "PHP", 15, 0, 0, 0, 0, 0, 0, 0, 0, 17, 8, 40
"d:\Project\PHP\Luminode\Open_Luminode\vendor\monolog\monolog\src\Monolog\Processor\MercurialProcessor.php", "PHP", 43, 0, 0, 0, 0, 0, 0, 0, 0, 26, 12, 81
"d:\Project\PHP\Luminode\Open_Luminode\vendor\monolog\monolog\src\Monolog\Processor\ProcessIdProcessor.php", "PHP", 11, 0, 0, 0, 0, 0, 0, 0, 0, 16, 6, 33
"d:\Project\PHP\Luminode\Open_Luminode\vendor\monolog\monolog\src\Monolog\Processor\ProcessorInterface.php", "PHP", 7, 0, 0, 0, 0, 0, 0, 0, 0, 16, 5, 28
"d:\Project\PHP\Luminode\Open_Luminode\vendor\monolog\monolog\src\Monolog\Processor\PsrLogMessageProcessor.php", "PHP", 50, 0, 0, 0, 0, 0, 0, 0, 0, 24, 14, 88
"d:\Project\PHP\Luminode\Open_Luminode\vendor\monolog\monolog\src\Monolog\Processor\TagProcessor.php", "PHP", 26, 0, 0, 0, 0, 0, 0, 0, 0, 28, 12, 66
"d:\Project\PHP\Luminode\Open_Luminode\vendor\monolog\monolog\src\Monolog\Processor\UidProcessor.php", "PHP", 32, 0, 0, 0, 0, 0, 0, 0, 0, 24, 12, 68
"d:\Project\PHP\Luminode\Open_Luminode\vendor\monolog\monolog\src\Monolog\Processor\WebProcessor.php", "PHP", 61, 0, 0, 0, 0, 0, 0, 0, 0, 39, 16, 116
"d:\Project\PHP\Luminode\Open_Luminode\vendor\monolog\monolog\src\Monolog\Registry.php", "PHP", 48, 0, 0, 0, 0, 0, 0, 0, 0, 70, 16, 134
"d:\Project\PHP\Luminode\Open_Luminode\vendor\monolog\monolog\src\Monolog\ResettableInterface.php", "PHP", 6, 0, 0, 0, 0, 0, 0, 0, 0, 22, 4, 32
"d:\Project\PHP\Luminode\Open_Luminode\vendor\monolog\monolog\src\Monolog\SignalHandler.php", "PHP", 70, 0, 0, 0, 0, 0, 0, 0, 0, 26, 18, 114
"d:\Project\PHP\Luminode\Open_Luminode\vendor\monolog\monolog\src\Monolog\Test\MonologTestCase.php", "PHP", 42, 0, 0, 0, 0, 0, 0, 0, 0, 22, 8, 72
"d:\Project\PHP\Luminode\Open_Luminode\vendor\monolog\monolog\src\Monolog\Test\TestCase.php", "PHP", 5, 0, 0, 0, 0, 0, 0, 0, 0, 15, 4, 24
"d:\Project\PHP\Luminode\Open_Luminode\vendor\monolog\monolog\src\Monolog\Utils.php", "PHP", 150, 0, 0, 0, 0, 0, 0, 0, 0, 70, 38, 258
"d:\Project\PHP\Luminode\Open_Luminode\vendor\php-di\invoker\README.md", "Markdown", 0, 0, 0, 0, 162, 0, 0, 0, 0, 0, 73, 235
"d:\Project\PHP\Luminode\Open_Luminode\vendor\php-di\invoker\composer.json", "JSON", 0, 0, 32, 0, 0, 0, 0, 0, 0, 0, 1, 33
"d:\Project\PHP\Luminode\Open_Luminode\vendor\php-di\invoker\src\CallableResolver.php", "PHP", 76, 0, 0, 0, 0, 0, 0, 0, 0, 30, 19, 125
"d:\Project\PHP\Luminode\Open_Luminode\vendor\php-di\invoker\src\Exception\InvocationException.php", "PHP", 5, 0, 0, 0, 0, 0, 0, 0, 0, 3, 3, 11
"d:\Project\PHP\Luminode\Open_Luminode\vendor\php-di\invoker\src\Exception\NotCallableException.php", "PHP", 22, 0, 0, 0, 0, 0, 0, 0, 0, 6, 6, 34
"d:\Project\PHP\Luminode\Open_Luminode\vendor\php-di\invoker\src\Exception\NotEnoughParametersException.php", "PHP", 5, 0, 0, 0, 0, 0, 0, 0, 0, 3, 3, 11
"d:\Project\PHP\Luminode\Open_Luminode\vendor\php-di\invoker\src\Invoker.php", "PHP", 71, 0, 0, 0, 0, 0, 0, 0, 0, 20, 19, 110
"d:\Project\PHP\Luminode\Open_Luminode\vendor\php-di\invoker\src\InvokerInterface.php", "PHP", 9, 0, 0, 0, 0, 0, 0, 0, 0, 13, 4, 26
"d:\Project\PHP\Luminode\Open_Luminode\vendor\php-di\invoker\src\ParameterResolver\AssociativeArrayResolver.php", "PHP", 22, 0, 0, 0, 0, 0, 0, 0, 0, 9, 7, 38
"d:\Project\PHP\Luminode\Open_Luminode\vendor\php-di\invoker\src\ParameterResolver\Container\ParameterNameContainerResolver.php", "PHP", 30, 0, 0, 0, 0, 0, 0, 0, 0, 8, 10, 48
"d:\Project\PHP\Luminode\Open_Luminode\vendor\php-di\invoker\src\ParameterResolver\Container\TypeHintContainerResolver.php", "PHP", 44, 0, 0, 0, 0, 0, 0, 0, 0, 11, 11, 66
"d:\Project\PHP\Luminode\Open_Luminode\vendor\php-di\invoker\src\ParameterResolver\DefaultValueResolver.php", "PHP", 32, 0, 0, 0, 0, 0, 0, 0, 0, 5, 7, 44
"d:\Project\PHP\Luminode\Open_Luminode\vendor\php-di\invoker\src\ParameterResolver\NumericArrayResolver.php", "PHP", 21, 0, 0, 0, 0, 0, 0, 0, 0, 11, 6, 38
"d:\Project\PHP\Luminode\Open_Luminode\vendor\php-di\invoker\src\ParameterResolver\ParameterResolver.php", "PHP", 11, 0, 0, 0, 0, 0, 0, 0, 0, 16, 4, 31
"d:\Project\PHP\Luminode\Open_Luminode\vendor\php-di\invoker\src\ParameterResolver\ResolverChain.php", "PHP", 38, 0, 0, 0, 0, 0, 0, 0, 0, 13, 11, 62
"d:\Project\PHP\Luminode\Open_Luminode\vendor\php-di\invoker\src\ParameterResolver\TypeHintResolver.php", "PHP", 37, 0, 0, 0, 0, 0, 0, 0, 0, 9, 9, 55
"d:\Project\PHP\Luminode\Open_Luminode\vendor\php-di\invoker\src\Reflection\CallableReflection.php", "PHP", 34, 0, 0, 0, 0, 0, 0, 0, 0, 13, 10, 57
"d:\Project\PHP\Luminode\Open_Luminode\vendor\php-di\php-di\README.md", "Markdown", 0, 0, 0, 0, 13, 0, 0, 0, 0, 0, 9, 22
"d:\Project\PHP\Luminode\Open_Luminode\vendor\php-di\php-di\change-log.md", "Markdown", 0, 0, 0, 0, 301, 0, 0, 0, 0, 0, 140, 441
"d:\Project\PHP\Luminode\Open_Luminode\vendor\php-di\php-di\composer.json", "JSON", 0, 0, 45, 0, 0, 0, 0, 0, 0, 0, 1, 46
"d:\Project\PHP\Luminode\Open_Luminode\vendor\php-di\php-di\src\Attribute\Inject.php", "PHP", 36, 0, 0, 0, 0, 0, 0, 0, 0, 28, 11, 75
"d:\Project\PHP\Luminode\Open_Luminode\vendor\php-di\php-di\src\Attribute\Injectable.php", "PHP", 16, 0, 0, 0, 0, 0, 0, 0, 0, 13, 6, 35
"d:\Project\PHP\Luminode\Open_Luminode\vendor\php-di\php-di\src\CompiledContainer.php", "PHP", 74, 0, 0, 0, 0, 0, 0, 0, 0, 22, 21, 117
"d:\Project\PHP\Luminode\Open_Luminode\vendor\php-di\php-di\src\Compiler\Compiler.php", "PHP", 279, 0, 0, 0, 0, 0, 0, 0, 0, 70, 54, 403
"d:\Project\PHP\Luminode\Open_Luminode\vendor\php-di\php-di\src\Compiler\ObjectCreationCompiler.php", "PHP", 150, 0, 0, 0, 0, 0, 0, 0, 0, 18, 31, 199
"d:\Project\PHP\Luminode\Open_Luminode\vendor\php-di\php-di\src\Compiler\RequestedEntryHolder.php", "PHP", 15, 0, 0, 0, 0, 0, 0, 0, 0, 3, 6, 24
"d:\Project\PHP\Luminode\Open_Luminode\vendor\php-di\php-di\src\Compiler\Template.php", "PHP", 10, 0, 0, 0, 0, 0, 0, 0, 0, 3, 4, 17
"d:\Project\PHP\Luminode\Open_Luminode\vendor\php-di\php-di\src\Container.php", "PHP", 225, 0, 0, 0, 0, 0, 0, 0, 0, 119, 61, 405
"d:\Project\PHP\Luminode\Open_Luminode\vendor\php-di\php-di\src\ContainerBuilder.php", "PHP", 148, 0, 0, 0, 0, 0, 0, 0, 0, 139, 50, 337
"d:\Project\PHP\Luminode\Open_Luminode\vendor\php-di\php-di\src\Definition\ArrayDefinition.php", "PHP", 44, 0, 0, 0, 0, 0, 0, 0, 0, 7, 15, 66
"d:\Project\PHP\Luminode\Open_Luminode\vendor\php-di\php-di\src\Definition\ArrayDefinitionExtension.php", "PHP", 25, 0, 0, 0, 0, 0, 0, 0, 0, 6, 9, 40
"d:\Project\PHP\Luminode\Open_Luminode\vendor\php-di\php-di\src\Definition\AutowireDefinition.php", "PHP", 6, 0, 0, 0, 0, 0, 0, 0, 0, 3, 4, 13
"d:\Project\PHP\Luminode\Open_Luminode\vendor\php-di\php-di\src\Definition\DecoratorDefinition.php", "PHP", 22, 0, 0, 0, 0, 0, 0, 0, 0, 7, 8, 37
"d:\Project\PHP\Luminode\Open_Luminode\vendor\php-di\php-di\src\Definition\Definition.php", "PHP", 11, 0, 0, 0, 0, 0, 0, 0, 0, 19, 8, 38
"d:\Project\PHP\Luminode\Open_Luminode\vendor\php-di\php-di\src\Definition\Dumper\ObjectDefinitionDumper.php", "PHP", 86, 0, 0, 0, 0, 0, 0, 0, 0, 25, 34, 145
"d:\Project\PHP\Luminode\Open_Luminode\vendor\php-di\php-di\src\Definition\EnvironmentVariableDefinition.php", "PHP", 52, 0, 0, 0, 0, 0, 0, 0, 0, 21, 15, 88
"d:\Project\PHP\Luminode\Open_Luminode\vendor\php-di\php-di\src\Definition\Exception\InvalidAttribute.php", "PHP", 6, 0, 0, 0, 0, 0, 0, 0, 0, 5, 4, 15
"d:\Project\PHP\Luminode\Open_Luminode\vendor\php-di\php-di\src\Definition\Exception\InvalidDefinition.php", "PHP", 16, 0, 0, 0, 0, 0, 0, 0, 0, 5, 5, 26
"d:\Project\PHP\Luminode\Open_Luminode\vendor\php-di\php-di\src\Definition\ExtendsPreviousDefinition.php", "PHP", 7, 0, 0, 0, 0, 0, 0, 0, 0, 5, 4, 16
"d:\Project\PHP\Luminode\Open_Luminode\vendor\php-di\php-di\src\Definition\FactoryDefinition.php", "PHP", 39, 0, 0, 0, 0, 0, 0, 0, 0, 27, 13, 79
"d:\Project\PHP\Luminode\Open_Luminode\vendor\php-di\php-di\src\Definition\Helper\AutowireDefinitionHelper.php", "PHP", 25, 0, 0, 0, 0, 0, 0, 0, 0, 36, 12, 73
"d:\Project\PHP\Luminode\Open_Luminode\vendor\php-di\php-di\src\Definition\Helper\CreateDefinitionHelper.php", "PHP", 90, 0, 0, 0, 0, 0, 0, 0, 0, 68, 32, 190
"d:\Project\PHP\Luminode\Open_Luminode\vendor\php-di\php-di\src\Definition\Helper\DefinitionHelper.php", "PHP", 8, 0, 0, 0, 0, 0, 0, 0, 0, 8, 5, 21
"d:\Project\PHP\Luminode\Open_Luminode\vendor\php-di\php-di\src\Definition\Helper\FactoryDefinitionHelper.php", "PHP", 28, 0, 0, 0, 0, 0, 0, 0, 0, 24, 12, 64
"d:\Project\PHP\Luminode\Open_Luminode\vendor\php-di\php-di\src\Definition\InstanceDefinition.php", "PHP", 34, 0, 0, 0, 0, 0, 0, 0, 0, 11, 10, 55
"d:\Project\PHP\Luminode\Open_Luminode\vendor\php-di\php-di\src\Definition\ObjectDefinition.php", "PHP", 153, 0, 0, 0, 0, 0, 0, 0, 0, 44, 46, 243
"d:\Project\PHP\Luminode\Open_Luminode\vendor\php-di\php-di\src\Definition\ObjectDefinition\MethodInjection.php", "PHP", 47, 0, 0, 0, 0, 0, 0, 0, 0, 16, 14, 77
"d:\Project\PHP\Luminode\Open_Luminode\vendor\php-di\php-di\src\Definition\ObjectDefinition\PropertyInjection.php", "PHP", 31, 0, 0, 0, 0, 0, 0, 0, 0, 20, 11, 62
"d:\Project\PHP\Luminode\Open_Luminode\vendor\php-di\php-di\src\Definition\Reference.php", "PHP", 42, 0, 0, 0, 0, 0, 0, 0, 0, 10, 13, 65
"d:\Project\PHP\Luminode\Open_Luminode\vendor\php-di\php-di\src\Definition\Resolver\ArrayResolver.php", "PHP", 43, 0, 0, 0, 0, 0, 0, 0, 0, 24, 10, 77
"d:\Project\PHP\Luminode\Open_Luminode\vendor\php-di\php-di\src\Definition\Resolver\DecoratorResolver.php", "PHP", 41, 0, 0, 0, 0, 0, 0, 0, 0, 21, 13, 75
"d:\Project\PHP\Luminode\Open_Luminode\vendor\php-di\php-di\src\Definition\Resolver\DefinitionResolver.php", "PHP", 11, 0, 0, 0, 0, 0, 0, 0, 0, 26, 6, 43
"d:\Project\PHP\Luminode\Open_Luminode\vendor\php-di\php-di\src\Definition\Resolver\EnvironmentVariableResolver.php", "PHP", 42, 0, 0, 0, 0, 0, 0, 0, 0, 14, 14, 70
"d:\Project\PHP\Luminode\Open_Luminode\vendor\php-di\php-di\src\Definition\Resolver\FactoryResolver.php", "PHP", 77, 0, 0, 0, 0, 0, 0, 0, 0, 21, 15, 113
"d:\Project\PHP\Luminode\Open_Luminode\vendor\php-di\php-di\src\Definition\Resolver\InstanceInjector.php", "PHP", 28, 0, 0, 0, 0, 0, 0, 0, 0, 15, 8, 51
"d:\Project\PHP\Luminode\Open_Luminode\vendor\php-di\php-di\src\Definition\Resolver\ObjectCreator.php", "PHP", 124, 0, 0, 0, 0, 0, 0, 0, 0, 52, 28, 204
"d:\Project\PHP\Luminode\Open_Luminode\vendor\php-di\php-di\src\Definition\Resolver\ParameterResolver.php", "PHP", 69, 0, 0, 0, 0, 0, 0, 0, 0, 23, 15, 107
"d:\Project\PHP\Luminode\Open_Luminode\vendor\php-di\php-di\src\Definition\Resolver\ResolverDispatcher.php", "PHP", 81, 0, 0, 0, 0, 0, 0, 0, 0, 26, 19, 126
"d:\Project\PHP\Luminode\Open_Luminode\vendor\php-di\php-di\src\Definition\SelfResolvingDefinition.php", "PHP", 9, 0, 0, 0, 0, 0, 0, 0, 0, 11, 6, 26
"d:\Project\PHP\Luminode\Open_Luminode\vendor\php-di\php-di\src\Definition\Source\AttributeBasedAutowiring.php", "PHP", 175, 0, 0, 0, 0, 0, 0, 0, 0, 49, 40, 264
"d:\Project\PHP\Luminode\Open_Luminode\vendor\php-di\php-di\src\Definition\Source\Autowiring.php", "PHP", 9, 0, 0, 0, 0, 0, 0, 0, 0, 10, 5, 24
"d:\Project\PHP\Luminode\Open_Luminode\vendor\php-di\php-di\src\Definition\Source\DefinitionArray.php", "PHP", 67, 0, 0, 0, 0, 0, 0, 0, 0, 22, 24, 113
"d:\Project\PHP\Luminode\Open_Luminode\vendor\php-di\php-di\src\Definition\Source\DefinitionFile.php", "PHP", 36, 0, 0, 0, 0, 0, 0, 0, 0, 12, 15, 63
"d:\Project\PHP\Luminode\Open_Luminode\vendor\php-di\php-di\src\Definition\Source\DefinitionNormalizer.php", "PHP", 70, 0, 0, 0, 0, 0, 0, 0, 0, 25, 18, 113
"d:\Project\PHP\Luminode\Open_Luminode\vendor\php-di\php-di\src\Definition\Source\DefinitionSource.php", "PHP", 10, 0, 0, 0, 0, 0, 0, 0, 0, 13, 6, 29
"d:\Project\PHP\Luminode\Open_Luminode\vendor\php-di\php-di\src\Definition\Source\MutableDefinitionSource.php", "PHP", 8, 0, 0, 0, 0, 0, 0, 0, 0, 5, 5, 18
"d:\Project\PHP\Luminode\Open_Luminode\vendor\php-di\php-di\src\Definition\Source\NoAutowiring.php", "PHP", 15, 0, 0, 0, 0, 0, 0, 0, 0, 5, 5, 25
"d:\Project\PHP\Luminode\Open_Luminode\vendor\php-di\php-di\src\Definition\Source\ReflectionBasedAutowiring.php", "PHP", 54, 0, 0, 0, 0, 0, 0, 0, 0, 16, 16, 86
"d:\Project\PHP\Luminode\Open_Luminode\vendor\php-di\php-di\src\Definition\Source\SourceCache.php", "PHP", 51, 0, 0, 0, 0, 0, 0, 0, 0, 12, 15, 78
"d:\Project\PHP\Luminode\Open_Luminode\vendor\php-di\php-di\src\Definition\Source\SourceChain.php", "PHP", 54, 0, 0, 0, 0, 0, 0, 0, 0, 16, 21, 91
"d:\Project\PHP\Luminode\Open_Luminode\vendor\php-di\php-di\src\Definition\StringDefinition.php", "PHP", 63, 0, 0, 0, 0, 0, 0, 0, 0, 12, 16, 91
"d:\Project\PHP\Luminode\Open_Luminode\vendor\php-di\php-di\src\Definition\ValueDefinition.php", "PHP", 39, 0, 0, 0, 0, 0, 0, 0, 0, 9, 13, 61
"d:\Project\PHP\Luminode\Open_Luminode\vendor\php-di\php-di\src\DependencyException.php", "PHP", 7, 0, 0, 0, 0, 0, 0, 0, 0, 3, 5, 15
"d:\Project\PHP\Luminode\Open_Luminode\vendor\php-di\php-di\src\FactoryInterface.php", "PHP", 7, 0, 0, 0, 0, 0, 0, 0, 0, 20, 4, 31
"d:\Project\PHP\Luminode\Open_Luminode\vendor\php-di\php-di\src\Factory\RequestedEntry.php", "PHP", 7, 0, 0, 0, 0, 0, 0, 0, 0, 13, 4, 24
"d:\Project\PHP\Luminode\Open_Luminode\vendor\php-di\php-di\src\Invoker\DefinitionParameterResolver.php", "PHP", 44, 0, 0, 0, 0, 0, 0, 0, 0, 10, 11, 65
"d:\Project\PHP\Luminode\Open_Luminode\vendor\php-di\php-di\src\Invoker\FactoryParameterResolver.php", "PHP", 45, 0, 0, 0, 0, 0, 0, 0, 0, 14, 11, 70
"d:\Project\PHP\Luminode\Open_Luminode\vendor\php-di\php-di\src\NotFoundException.php", "PHP", 7, 0, 0, 0, 0, 0, 0, 0, 0, 3, 5, 15
"d:\Project\PHP\Luminode\Open_Luminode\vendor\php-di\php-di\src\Proxy\NativeProxyFactory.php", "PHP", 18, 0, 0, 0, 0, 0, 0, 0, 0, 13, 8, 39
"d:\Project\PHP\Luminode\Open_Luminode\vendor\php-di\php-di\src\Proxy\ProxyFactory.php", "PHP", 51, 0, 0, 0, 0, 0, 0, 0, 0, 27, 14, 92
"d:\Project\PHP\Luminode\Open_Luminode\vendor\php-di\php-di\src\Proxy\ProxyFactoryInterface.php", "PHP", 8, 0, 0, 0, 0, 0, 0, 0, 0, 20, 5, 33
"d:\Project\PHP\Luminode\Open_Luminode\vendor\php-di\php-di\src\functions.php", "PHP", 69, 0, 0, 0, 0, 0, 0, 0, 0, 71, 15, 155
"d:\Project\PHP\Luminode\Open_Luminode\vendor\php-di\php-di\support.md", "Markdown", 0, 0, 0, 0, 27, 0, 0, 0, 0, 0, 16, 43
"d:\Project\PHP\Luminode\Open_Luminode\vendor\phpoption\phpoption\composer.json", "JSON", 0, 0, 50, 0, 0, 0, 0, 0, 0, 0, 1, 51
"d:\Project\PHP\Luminode\Open_Luminode\vendor\phpoption\phpoption\src\PhpOption\LazyOption.php", "PHP", 105, 0, 0, 0, 0, 0, 0, 0, 0, 41, 30, 176
"d:\Project\PHP\Luminode\Open_Luminode\vendor\phpoption\phpoption\src\PhpOption\None.php", "PHP", 88, 0, 0, 0, 0, 0, 0, 0, 0, 23, 26, 137
"d:\Project\PHP\Luminode\Open_Luminode\vendor\phpoption\phpoption\src\PhpOption\Option.php", "PHP", 88, 0, 0, 0, 0, 0, 0, 0, 0, 313, 34, 435
"d:\Project\PHP\Luminode\Open_Luminode\vendor\phpoption\phpoption\src\PhpOption\Some.php", "PHP", 104, 0, 0, 0, 0, 0, 0, 0, 0, 35, 31, 170
"d:\Project\PHP\Luminode\Open_Luminode\vendor\psr\container\README.md", "Markdown", 0, 0, 0, 0, 8, 0, 0, 0, 0, 0, 6, 14
"d:\Project\PHP\Luminode\Open_Luminode\vendor\psr\container\composer.json", "JSON", 0, 0, 27, 0, 0, 0, 0, 0, 0, 0, 1, 28
"d:\Project\PHP\Luminode\Open_Luminode\vendor\psr\container\src\ContainerExceptionInterface.php", "PHP", 6, 0, 0, 0, 0, 0, 0, 0, 0, 3, 4, 13
"d:\Project\PHP\Luminode\Open_Luminode\vendor\psr\container\src\ContainerInterface.php", "PHP", 8, 0, 0, 0, 0, 0, 0, 0, 0, 24, 5, 37
"d:\Project\PHP\Luminode\Open_Luminode\vendor\psr\container\src\NotFoundExceptionInterface.php", "PHP", 5, 0, 0, 0, 0, 0, 0, 0, 0, 3, 3, 11
"d:\Project\PHP\Luminode\Open_Luminode\vendor\psr\log\README.md", "Markdown", 0, 0, 0, 0, 43, 0, 0, 0, 0, 0, 16, 59
"d:\Project\PHP\Luminode\Open_Luminode\vendor\psr\log\composer.json", "JSON", 0, 0, 26, 0, 0, 0, 0, 0, 0, 0, 1, 27
"d:\Project\PHP\Luminode\Open_Luminode\vendor\psr\log\src\AbstractLogger.php", "PHP", 6, 0, 0, 0, 0, 0, 0, 0, 0, 7, 3, 16
"d:\Project\PHP\Luminode\Open_Luminode\vendor\psr\log\src\InvalidArgumentException.php", "PHP", 5, 0, 0, 0, 0, 0, 0, 0, 0, 0, 3, 8
"d:\Project\PHP\Luminode\Open_Luminode\vendor\psr\log\src\LogLevel.php", "PHP", 13, 0, 0, 0, 0, 0, 0, 0, 0, 3, 3, 19
"d:\Project\PHP\Luminode\Open_Luminode\vendor\psr\log\src\LoggerAwareInterface.php", "PHP", 6, 0, 0, 0, 0, 0, 0, 0, 0, 6, 3, 15
"d:\Project\PHP\Luminode\Open_Luminode\vendor\psr\log\src\LoggerAwareTrait.php", "PHP", 10, 0, 0, 0, 0, 0, 0, 0, 0, 9, 4, 23
"d:\Project\PHP\Luminode\Open_Luminode\vendor\psr\log\src\LoggerInterface.php", "PHP", 14, 0, 0, 0, 0, 0, 0, 0, 0, 74, 11, 99
"d:\Project\PHP\Luminode\Open_Luminode\vendor\psr\log\src\LoggerTrait.php", "PHP", 38, 0, 0, 0, 0, 0, 0, 0, 0, 50, 11, 99
"d:\Project\PHP\Luminode\Open_Luminode\vendor\psr\log\src\NullLogger.php", "PHP", 8, 0, 0, 0, 0, 0, 0, 0, 0, 16, 3, 27
"d:\Project\PHP\Luminode\Open_Luminode\vendor\symfony\console\Application.php", "PHP", 879, 0, 0, 0, 0, 0, 0, 0, 0, 251, 202, 1332
"d:\Project\PHP\Luminode\Open_Luminode\vendor\symfony\console\Attribute\AsCommand.php", "PHP", 22, 0, 0, 0, 0, 0, 0, 0, 0, 11, 7, 40
"d:\Project\PHP\Luminode\Open_Luminode\vendor\symfony\console\CHANGELOG.md", "Markdown", 0, 0, 0, 0, 207, 0, 0, 0, 0, 0, 55, 262
"d:\Project\PHP\Luminode\Open_Luminode\vendor\symfony\console\CI\GithubActionReporter.php", "PHP", 48, 0, 0, 0, 0, 0, 0, 0, 0, 36, 16, 100
"d:\Project\PHP\Luminode\Open_Luminode\vendor\symfony\console\Color.php", "PHP", 102, 0, 0, 0, 0, 0, 0, 0, 0, 11, 21, 134
"d:\Project\PHP\Luminode\Open_Luminode\vendor\symfony\console\CommandLoader\CommandLoaderInterface.php", "PHP", 10, 0, 0, 0, 0, 0, 0, 0, 0, 22, 7, 39
"d:\Project\PHP\Luminode\Open_Luminode\vendor\symfony\console\CommandLoader\ContainerCommandLoader.php", "PHP", 30, 0, 0, 0, 0, 0, 0, 0, 0, 16, 10, 56
"d:\Project\PHP\Luminode\Open_Luminode\vendor\symfony\console\CommandLoader\FactoryCommandLoader.php", "PHP", 28, 0, 0, 0, 0, 0, 0, 0, 0, 16, 11, 55
"d:\Project\PHP\Luminode\Open_Luminode\vendor\symfony\console\Command\Command.php", "PHP", 358, 0, 0, 0, 0, 0, 0, 0, 0, 271, 97, 726
"d:\Project\PHP\Luminode\Open_Luminode\vendor\symfony\console\Command\CompleteCommand.php", "PHP", 157, 0, 0, 0, 0, 0, 0, 0, 0, 26, 41, 224
"d:\Project\PHP\Luminode\Open_Luminode\vendor\symfony\console\Command\DumpCompletionCommand.php", "PHP", 105, 0, 0, 0, 0, 0, 0, 0, 0, 22, 35, 162
"d:\Project\PHP\Luminode\Open_Luminode\vendor\symfony\console\Command\HelpCommand.php", "PHP", 48, 0, 0, 0, 0, 0, 0, 0, 0, 19, 16, 83
"d:\Project\PHP\Luminode\Open_Luminode\vendor\symfony\console\Command\LazyCommand.php", "PHP", 144, 0, 0, 0, 0, 0, 0, 0, 0, 21, 43, 208
"d:\Project\PHP\Luminode\Open_Luminode\vendor\symfony\console\Command\ListCommand.php", "PHP", 46, 0, 0, 0, 0, 0, 0, 0, 0, 16, 14, 76
"d:\Project\PHP\Luminode\Open_Luminode\vendor\symfony\console\Command\LockableTrait.php", "PHP", 38, 0, 0, 0, 0, 0, 0, 0, 0, 19, 12, 69
"d:\Project\PHP\Luminode\Open_Luminode\vendor\symfony\console\Command\SignalableCommandInterface.php", "PHP", 7, 0, 0, 0, 0, 0, 0, 0, 0, 23, 5, 35
"d:\Project\PHP\Luminode\Open_Luminode\vendor\symfony\console\Command\TraceableCommand.php", "PHP", 244, 0, 0, 0, 0, 0, 0, 0, 0, 36, 77, 357
"d:\Project\PHP\Luminode\Open_Luminode\vendor\symfony\console\Completion\CompletionInput.php", "PHP", 149, 0, 0, 0, 0, 0, 0, 0, 0, 60, 40, 249
"d:\Project\PHP\Luminode\Open_Luminode\vendor\symfony\console\Completion\CompletionSuggestions.php", "PHP", 40, 0, 0, 0, 0, 0, 0, 0, 0, 43, 15, 98
"d:\Project\PHP\Luminode\Open_Luminode\vendor\symfony\console\Completion\Output\BashCompletionOutput.php", "PHP", 18, 0, 0, 0, 0, 0, 0, 0, 0, 11, 5, 34
"d:\Project\PHP\Luminode\Open_Luminode\vendor\symfony\console\Completion\Output\CompletionOutputInterface.php", "PHP", 8, 0, 0, 0, 0, 0, 0, 0, 0, 13, 5, 26
"d:\Project\PHP\Luminode\Open_Luminode\vendor\symfony\console\Completion\Output\FishCompletionOutput.php", "PHP", 18, 0, 0, 0, 0, 0, 0, 0, 0, 11, 5, 34
"d:\Project\PHP\Luminode\Open_Luminode\vendor\symfony\console\Completion\Output\ZshCompletionOutput.php", "PHP", 21, 0, 0, 0, 0, 0, 0, 0, 0, 11, 5, 37
"d:\Project\PHP\Luminode\Open_Luminode\vendor\symfony\console\Completion\Suggestion.php", "PHP", 22, 0, 0, 0, 0, 0, 0, 0, 0, 13, 7, 42
"d:\Project\PHP\Luminode\Open_Luminode\vendor\symfony\console\ConsoleEvents.php", "PHP", 19, 0, 0, 0, 0, 0, 0, 0, 0, 45, 9, 73
"d:\Project\PHP\Luminode\Open_Luminode\vendor\symfony\console\Cursor.php", "PHP", 97, 0, 0, 0, 0, 0, 0, 0, 0, 66, 42, 205
"d:\Project\PHP\Luminode\Open_Luminode\vendor\symfony\console\DataCollector\CommandDataCollector.php", "PHP", 164, 0, 0, 0, 0, 0, 0, 0, 0, 36, 35, 235
"d:\Project\PHP\Luminode\Open_Luminode\vendor\symfony\console\Debug\CliRequest.php", "PHP", 47, 0, 0, 0, 0, 0, 0, 0, 0, 12, 12, 71
"d:\Project\PHP\Luminode\Open_Luminode\vendor\symfony\console\DependencyInjection\AddConsoleCommandPass.php", "PHP", 94, 0, 0, 0, 0, 0, 0, 0, 0, 16, 25, 135
"d:\Project\PHP\Luminode\Open_Luminode\vendor\symfony\console\Descriptor\ApplicationDescription.php", "PHP", 89, 0, 0, 0, 0, 0, 0, 0, 0, 26, 25, 140
"d:\Project\PHP\Luminode\Open_Luminode\vendor\symfony\console\Descriptor\Descriptor.php", "PHP", 34, 0, 0, 0, 0, 0, 0, 0, 0, 28, 13, 75
"d:\Project\PHP\Luminode\Open_Luminode\vendor\symfony\console\Descriptor\DescriptorInterface.php", "PHP", 7, 0, 0, 0, 0, 0, 0, 0, 0, 16, 5, 28
"d:\Project\PHP\Luminode\Open_Luminode\vendor\symfony\console\Descriptor\JsonDescriptor.php", "PHP", 123, 0, 0, 0, 0, 0, 0, 0, 0, 18, 26, 167
"d:\Project\PHP\Luminode\Open_Luminode\vendor\symfony\console\Descriptor\MarkdownDescriptor.php", "PHP", 131, 0, 0, 0, 0, 0, 0, 0, 0, 15, 28, 174
"d:\Project\PHP\Luminode\Open_Luminode\vendor\symfony\console\Descriptor\ReStructuredTextDescriptor.php", "PHP", 218, 0, 0, 0, 0, 0, 0, 0, 0, 20, 35, 273
"d:\Project\PHP\Luminode\Open_Luminode\vendor\symfony\console\Descriptor\TextDescriptor.php", "PHP", 236, 0, 0, 0, 0, 0, 0, 0, 0, 32, 50, 318
"d:\Project\PHP\Luminode\Open_Luminode\vendor\symfony\console\Descriptor\XmlDescriptor.php", "PHP", 168, 0, 0, 0, 0, 0, 0, 0, 0, 21, 44, 233
"d:\Project\PHP\Luminode\Open_Luminode\vendor\symfony\console\EventListener\ErrorListener.php", "PHP", 62, 0, 0, 0, 0, 0, 0, 0, 0, 18, 22, 102
"d:\Project\PHP\Luminode\Open_Luminode\vendor\symfony\console\Event\ConsoleCommandEvent.php", "PHP", 19, 0, 0, 0, 0, 0, 0, 0, 0, 28, 8, 55
"d:\Project\PHP\Luminode\Open_Luminode\vendor\symfony\console\Event\ConsoleErrorEvent.php", "PHP", 33, 0, 0, 0, 0, 0, 0, 0, 0, 13, 12, 58
"d:\Project\PHP\Luminode\Open_Luminode\vendor\symfony\console\Event\ConsoleEvent.php", "PHP", 30, 0, 0, 0, 0, 0, 0, 0, 0, 22, 10, 62
"d:\Project\PHP\Luminode\Open_Luminode\vendor\symfony\console\Event\ConsoleSignalEvent.php", "PHP", 35, 0, 0, 0, 0, 0, 0, 0, 0, 11, 11, 57
"d:\Project\PHP\Luminode\Open_Luminode\vendor\symfony\console\Event\ConsoleTerminateEvent.php", "PHP", 29, 0, 0, 0, 0, 0, 0, 0, 0, 14, 8, 51
"d:\Project\PHP\Luminode\Open_Luminode\vendor\symfony\console\Exception\CommandNotFoundException.php", "PHP", 15, 0, 0, 0, 0, 0, 0, 0, 0, 22, 7, 44
"d:\Project\PHP\Luminode\Open_Luminode\vendor\symfony\console\Exception\ExceptionInterface.php", "PHP", 5, 0, 0, 0, 0, 0, 0, 0, 0, 13, 4, 22
"d:\Project\PHP\Luminode\Open_Luminode\vendor\symfony\console\Exception\InvalidArgumentException.php", "PHP", 5, 0, 0, 0, 0, 0, 0, 0, 0, 11, 4, 20
"d:\Project\PHP\Luminode\Open_Luminode\vendor\symfony\console\Exception\InvalidOptionException.php", "PHP", 5, 0, 0, 0, 0, 0, 0, 0, 0, 13, 4, 22
"d:\Project\PHP\Luminode\Open_Luminode\vendor\symfony\console\Exception\LogicException.php", "PHP", 5, 0, 0, 0, 0, 0, 0, 0, 0, 11, 4, 20
"d:\Project\PHP\Luminode\Open_Luminode\vendor\symfony\console\Exception\MissingInputException.php", "PHP", 5, 0, 0, 0, 0, 0, 0, 0, 0, 13, 4, 22
"d:\Project\PHP\Luminode\Open_Luminode\vendor\symfony\console\Exception\NamespaceNotFoundException.php", "PHP", 5, 0, 0, 0, 0, 0, 0, 0, 0, 13, 4, 22
"d:\Project\PHP\Luminode\Open_Luminode\vendor\symfony\console\Exception\RunCommandFailedException.php", "PHP", 14, 0, 0, 0, 0, 0, 0, 0, 0, 11, 5, 30
"d:\Project\PHP\Luminode\Open_Luminode\vendor\symfony\console\Exception\RuntimeException.php", "PHP", 5, 0, 0, 0, 0, 0, 0, 0, 0, 11, 4, 20
"d:\Project\PHP\Luminode\Open_Luminode\vendor\symfony\console\Formatter\NullOutputFormatter.php", "PHP", 28, 0, 0, 0, 0, 0, 0, 0, 0, 14, 10, 52
"d:\Project\PHP\Luminode\Open_Luminode\vendor\symfony\console\Formatter\NullOutputFormatterStyle.php", "PHP", 30, 0, 0, 0, 0, 0, 0, 0, 0, 16, 9, 55
"d:\Project\PHP\Luminode\Open_Luminode\vendor\symfony\console\Formatter\OutputFormatter.php", "PHP", 194, 0, 0, 0, 0, 0, 0, 0, 0, 47, 50, 291
"d:\Project\PHP\Luminode\Open_Luminode\vendor\symfony\console\Formatter\OutputFormatterInterface.php", "PHP", 11, 0, 0, 0, 0, 0, 0, 0, 0, 37, 9, 57
"d:\Project\PHP\Luminode\Open_Luminode\vendor\symfony\console\Formatter\OutputFormatterStyle.php", "PHP", 61, 0, 0, 0, 0, 0, 0, 0, 0, 34, 16, 111
"d:\Project\PHP\Luminode\Open_Luminode\vendor\symfony\console\Formatter\OutputFormatterStyleInterface.php", "PHP", 11, 0, 0, 0, 0, 0, 0, 0, 0, 41, 9, 61
"d:\Project\PHP\Luminode\Open_Luminode\vendor\symfony\console\Formatter\OutputFormatterStyleStack.php", "PHP", 54, 0, 0, 0, 0, 0, 0, 0, 0, 35, 19, 108
"d:\Project\PHP\Luminode\Open_Luminode\vendor\symfony\console\Formatter\WrappableOutputFormatterInterface.php", "PHP", 6, 0, 0, 0, 0, 0, 0, 0, 0, 18, 4, 28
"d:\Project\PHP\Luminode\Open_Luminode\vendor\symfony\console\Helper\DebugFormatterHelper.php", "PHP", 57, 0, 0, 0, 0, 0, 0, 0, 0, 24, 18, 99
"d:\Project\PHP\Luminode\Open_Luminode\vendor\symfony\console\Helper\DescriptorHelper.php", "PHP", 49, 0, 0, 0, 0, 0, 0, 0, 0, 32, 13, 94
"d:\Project\PHP\Luminode\Open_Luminode\vendor\symfony\console\Helper\Dumper.php", "PHP", 38, 0, 0, 0, 0, 0, 0, 0, 0, 11, 9, 58
"d:\Project\PHP\Luminode\Open_Luminode\vendor\symfony\console\Helper\FormatterHelper.php", "PHP", 46, 0, 0, 0, 0, 0, 0, 0, 0, 22, 14, 82
"d:\Project\PHP\Luminode\Open_Luminode\vendor\symfony\console\Helper\Helper.php", "PHP", 106, 0, 0, 0, 0, 0, 0, 0, 0, 39, 36, 181
"d:\Project\PHP\Luminode\Open_Luminode\vendor\symfony\console\Helper\HelperInterface.php", "PHP", 8, 0, 0, 0, 0, 0, 0, 0, 0, 26, 6, 40
"d:\Project\PHP\Luminode\Open_Luminode\vendor\symfony\console\Helper\HelperSet.php", "PHP", 36, 0, 0, 0, 0, 0, 0, 0, 0, 30, 12, 78
"d:\Project\PHP\Luminode\Open_Luminode\vendor\symfony\console\Helper\InputAwareHelper.php", "PHP", 12, 0, 0, 0, 0, 0, 0, 0, 0, 16, 6, 34
"d:\Project\PHP\Luminode\Open_Luminode\vendor\symfony\console\Helper\OutputWrapper.php", "PHP", 30, 0, 0, 0, 0, 0, 0, 0, 0, 39, 8, 77
"d:\Project\PHP\Luminode\Open_Luminode\vendor\symfony\console\Helper\ProcessHelper.php", "PHP", 75, 0, 0, 0, 0, 0, 0, 0, 0, 39, 24, 138
"d:\Project\PHP\Luminode\Open_Luminode\vendor\symfony\console\Helper\ProgressBar.php", "PHP", 406, 0, 0, 0, 0, 0, 0, 0, 0, 119, 103, 628
"d:\Project\PHP\Luminode\Open_Luminode\vendor\symfony\console\Helper\ProgressIndicator.php", "PHP", 140, 0, 0, 0, 0, 0, 0, 0, 0, 58, 38, 236
"d:\Project\PHP\Luminode\Open_Luminode\vendor\symfony\console\Helper\QuestionHelper.php", "PHP", 395, 0, 0, 0, 0, 0, 0, 0, 0, 99, 111, 605
"d:\Project\PHP\Luminode\Open_Luminode\vendor\symfony\console\Helper\SymfonyQuestionHelper.php", "PHP", 64, 0, 0, 0, 0, 0, 0, 0, 0, 19, 27, 110
"d:\Project\PHP\Luminode\Open_Luminode\vendor\symfony\console\Helper\Table.php", "PHP", 664, 0, 0, 0, 0, 0, 0, 0, 0, 167, 137, 968
"d:\Project\PHP\Luminode\Open_Luminode\vendor\symfony\console\Helper\TableCell.php", "PHP", 39, 0, 0, 0, 0, 0, 0, 0, 0, 21, 13, 73
"d:\Project\PHP\Luminode\Open_Luminode\vendor\symfony\console\Helper\TableCellStyle.php", "PHP", 54, 0, 0, 0, 0, 0, 0, 0, 0, 16, 15, 85
"d:\Project\PHP\Luminode\Open_Luminode\vendor\symfony\console\Helper\TableRows.php", "PHP", 14, 0, 0, 0, 0, 0, 0, 0, 0, 11, 6, 31
"d:\Project\PHP\Luminode\Open_Luminode\vendor\symfony\console\Helper\TableSeparator.php", "PHP", 9, 0, 0, 0, 0, 0, 0, 0, 0, 13, 4, 26
"d:\Project\PHP\Luminode\Open_Luminode\vendor\symfony\console\Helper\TableStyle.php", "PHP", 171, 0, 0, 0, 0, 0, 0, 0, 0, 151, 41, 363
"d:\Project\PHP\Luminode\Open_Luminode\vendor\symfony\console\Input\ArgvInput.php", "PHP", 233, 0, 0, 0, 0, 0, 0, 0, 0, 84, 54, 371
"d:\Project\PHP\Luminode\Open_Luminode\vendor\symfony\console\Input\ArrayInput.php", "PHP", 125, 0, 0, 0, 0, 0, 0, 0, 0, 39, 33, 197
"d:\Project\PHP\Luminode\Open_Luminode\vendor\symfony\console\Input\Input.php", "PHP", 111, 0, 0, 0, 0, 0, 0, 0, 0, 51, 32, 194
"d:\Project\PHP\Luminode\Open_Luminode\vendor\symfony\console\Input\InputArgument.php", "PHP", 83, 0, 0, 0, 0, 0, 0, 0, 0, 53, 19, 155
"d:\Project\PHP\Luminode\Open_Luminode\vendor\symfony\console\Input\InputAwareInterface.php", "PHP", 6, 0, 0, 0, 0, 0, 0, 0, 0, 19, 4, 29
"d:\Project\PHP\Luminode\Open_Luminode\vendor\symfony\console\Input\InputDefinition.php", "PHP", 231, 0, 0, 0, 0, 0, 0, 0, 0, 133, 53, 417
"d:\Project\PHP\Luminode\Open_Luminode\vendor\symfony\console\Input\InputInterface.php", "PHP", 22, 0, 0, 0, 0, 0, 0, 0, 0, 110, 19, 151
"d:\Project\PHP\Luminode\Open_Luminode\vendor\symfony\console\Input\InputOption.php", "PHP", 143, 0, 0, 0, 0, 0, 0, 0, 0, 79, 34, 256
"d:\Project\PHP\Luminode\Open_Luminode\vendor\symfony\console\Input\StreamableInputInterface.php", "PHP", 7, 0, 0, 0, 0, 0, 0, 0, 0, 28, 5, 40
"d:\Project\PHP\Luminode\Open_Luminode\vendor\symfony\console\Input\StringInput.php", "PHP", 47, 0, 0, 0, 0, 0, 0, 0, 0, 29, 12, 88
"d:\Project\PHP\Luminode\Open_Luminode\vendor\symfony\console\Logger\ConsoleLogger.php", "PHP", 79, 0, 0, 0, 0, 0, 0, 0, 0, 26, 15, 120
"d:\Project\PHP\Luminode\Open_Luminode\vendor\symfony\console\Messenger\RunCommandContext.php", "PHP", 11, 0, 0, 0, 0, 0, 0, 0, 0, 11, 4, 26
"d:\Project\PHP\Luminode\Open_Luminode\vendor\symfony\console\Messenger\RunCommandMessage.php", "PHP", 16, 0, 0, 0, 0, 0, 0, 0, 0, 15, 6, 37
"d:\Project\PHP\Luminode\Open_Luminode\vendor\symfony\console\Messenger\RunCommandMessageHandler.php", "PHP", 32, 0, 0, 0, 0, 0, 0, 0, 0, 11, 10, 53
"d:\Project\PHP\Luminode\Open_Luminode\vendor\symfony\console\Output\AnsiColorMode.php", "PHP", 57, 0, 0, 0, 0, 0, 0, 0, 0, 32, 18, 107
"d:\Project\PHP\Luminode\Open_Luminode\vendor\symfony\console\Output\BufferedOutput.php", "PHP", 19, 0, 0, 0, 0, 0, 0, 0, 0, 17, 8, 44
"d:\Project\PHP\Luminode\Open_Luminode\vendor\symfony\console\Output\ConsoleOutput.php", "PHP", 79, 0, 0, 0, 0, 0, 0, 0, 0, 63, 24, 166
"d:\Project\PHP\Luminode\Open_Luminode\vendor\symfony\console\Output\ConsoleOutputInterface.php", "PHP", 8, 0, 0, 0, 0, 0, 0, 0, 0, 20, 6, 34
"d:\Project\PHP\Luminode\Open_Luminode\vendor\symfony\console\Output\ConsoleSectionOutput.php", "PHP", 140, 0, 0, 0, 0, 0, 0, 0, 0, 67, 38, 245
"d:\Project\PHP\Luminode\Open_Luminode\vendor\symfony\console\Output\NullOutput.php", "PHP", 51, 0, 0, 0, 0, 0, 0, 0, 0, 37, 17, 105
"d:\Project\PHP\Luminode\Open_Luminode\vendor\symfony\console\Output\Output.php", "PHP", 86, 0, 0, 0, 0, 0, 0, 0, 0, 46, 24, 156
"d:\Project\PHP\Luminode\Open_Luminode\vendor\symfony\console\Output\OutputInterface.php", "PHP", 26, 0, 0, 0, 0, 0, 0, 0, 0, 68, 18, 112
"d:\Project\PHP\Luminode\Open_Luminode\vendor\symfony\console\Output\StreamOutput.php", "PHP", 52, 0, 0, 0, 0, 0, 0, 0, 0, 55, 19, 126
"d:\Project\PHP\Luminode\Open_Luminode\vendor\symfony\console\Output\TrimmedBufferOutput.php", "PHP", 31, 0, 0, 0, 0, 0, 0, 0, 0, 19, 12, 62
"d:\Project\PHP\Luminode\Open_Luminode\vendor\symfony\console\Question\ChoiceQuestion.php", "PHP", 101, 0, 0, 0, 0, 0, 0, 0, 0, 48, 29, 178
"d:\Project\PHP\Luminode\Open_Luminode\vendor\symfony\console\Question\ConfirmationQuestion.php", "PHP", 27, 0, 0, 0, 0, 0, 0, 0, 0, 21, 10, 58
"d:\Project\PHP\Luminode\Open_Luminode\vendor\symfony\console\Question\Question.php", "PHP", 141, 0, 0, 0, 0, 0, 0, 0, 0, 109, 42, 292
"d:\Project\PHP\Luminode\Open_Luminode\vendor\symfony\console\README.md", "Markdown", 0, 0, 0, 0, 26, 0, 0, 0, 0, 0, 11, 37
"d:\Project\PHP\Luminode\Open_Luminode\vendor\symfony\console\Resources\completion.bash", "Shell Script", 0, 0, 0, 0, 0, 67, 0, 0, 0, 15, 13, 95
"d:\Project\PHP\Luminode\Open_Luminode\vendor\symfony\console\Resources\completion.fish", "Shell Script", 0, 0, 0, 0, 0, 16, 0, 0, 0, 6, 8, 30
"d:\Project\PHP\Luminode\Open_Luminode\vendor\symfony\console\Resources\completion.zsh", "Shell Script", 0, 0, 0, 0, 0, 41, 0, 0, 0, 31, 11, 83
"d:\Project\PHP\Luminode\Open_Luminode\vendor\symfony\console\SignalRegistry\SignalMap.php", "PHP", 19, 0, 0, 0, 0, 0, 0, 0, 0, 11, 7, 37
"d:\Project\PHP\Luminode\Open_Luminode\vendor\symfony\console\SignalRegistry\SignalRegistry.php", "PHP", 35, 0, 0, 0, 0, 0, 0, 0, 0, 11, 12, 58
"d:\Project\PHP\Luminode\Open_Luminode\vendor\symfony\console\SingleCommandApplication.php", "PHP", 39, 0, 0, 0, 0, 0, 0, 0, 0, 21, 13, 73
"d:\Project\PHP\Luminode\Open_Luminode\vendor\symfony\console\Style\OutputStyle.php", "PHP", 77, 0, 0, 0, 0, 0, 0, 0, 0, 34, 22, 133
"d:\Project\PHP\Luminode\Open_Luminode\vendor\symfony\console\Style\StyleInterface.php", "PHP", 23, 0, 0, 0, 0, 0, 0, 0, 0, 95, 21, 139
"d:\Project\PHP\Luminode\Open_Luminode\vendor\symfony\console\Style\SymfonyStyle.php", "PHP", 328, 0, 0, 0, 0, 0, 0, 0, 0, 112, 75, 515
"d:\Project\PHP\Luminode\Open_Luminode\vendor\symfony\console\Terminal.php", "PHP", 144, 0, 0, 0, 0, 0, 0, 0, 0, 49, 43, 236
"d:\Project\PHP\Luminode\Open_Luminode\vendor\symfony\console\Tester\ApplicationTester.php", "PHP", 42, 0, 0, 0, 0, 0, 0, 0, 0, 32, 12, 86
"d:\Project\PHP\Luminode\Open_Luminode\vendor\symfony\console\Tester\CommandCompletionTester.php", "PHP", 30, 0, 0, 0, 0, 0, 0, 0, 0, 16, 11, 57
"d:\Project\PHP\Luminode\Open_Luminode\vendor\symfony\console\Tester\CommandTester.php", "PHP", 32, 0, 0, 0, 0, 0, 0, 0, 0, 32, 13, 77
"d:\Project\PHP\Luminode\Open_Luminode\vendor\symfony\console\Tester\Constraint\CommandIsSuccessful.php", "PHP", 27, 0, 0, 0, 0, 0, 0, 0, 0, 8, 9, 44
"d:\Project\PHP\Luminode\Open_Luminode\vendor\symfony\console\Tester\TesterTrait.php", "PHP", 101, 0, 0, 0, 0, 0, 0, 0, 0, 52, 30, 183
"d:\Project\PHP\Luminode\Open_Luminode\vendor\symfony\console\composer.json", "JSON", 0, 0, 55, 0, 0, 0, 0, 0, 0, 0, 1, 56
"d:\Project\PHP\Luminode\Open_Luminode\vendor\symfony\deprecation-contracts\CHANGELOG.md", "Markdown", 0, 0, 0, 0, 4, 0, 0, 0, 0, 0, 2, 6
"d:\Project\PHP\Luminode\Open_Luminode\vendor\symfony\deprecation-contracts\README.md", "Markdown", 0, 0, 0, 0, 19, 0, 0, 0, 0, 0, 8, 27
"d:\Project\PHP\Luminode\Open_Luminode\vendor\symfony\deprecation-contracts\composer.json", "JSON", 0, 0, 35, 0, 0, 0, 0, 0, 0, 0, 1, 36
"d:\Project\PHP\Luminode\Open_Luminode\vendor\symfony\deprecation-contracts\function.php", "PHP", 7, 0, 0, 0, 0, 0, 0, 0, 0, 18, 3, 28
"d:\Project\PHP\Luminode\Open_Luminode\vendor\symfony\polyfill-ctype\Ctype.php", "PHP", 76, 0, 0, 0, 0, 0, 0, 0, 0, 127, 30, 233
"d:\Project\PHP\Luminode\Open_Luminode\vendor\symfony\polyfill-ctype\README.md", "Markdown", 0, 0, 0, 0, 8, 0, 0, 0, 0, 0, 5, 13
"d:\Project\PHP\Luminode\Open_Luminode\vendor\symfony\polyfill-ctype\bootstrap.php", "PHP", 38, 0, 0, 0, 0, 0, 0, 0, 0, 8, 5, 51
"d:\Project\PHP\Luminode\Open_Luminode\vendor\symfony\polyfill-ctype\bootstrap80.php", "PHP", 35, 0, 0, 0, 0, 0, 0, 0, 0, 8, 4, 47
"d:\Project\PHP\Luminode\Open_Luminode\vendor\symfony\polyfill-ctype\composer.json", "JSON", 0, 0, 38, 0, 0, 0, 0, 0, 0, 0, 1, 39
"d:\Project\PHP\Luminode\Open_Luminode\vendor\symfony\polyfill-intl-grapheme\Grapheme.php", "PHP", 198, 0, 0, 0, 0, 0, 0, 0, 0, 35, 47, 280
"d:\Project\PHP\Luminode\Open_Luminode\vendor\symfony\polyfill-intl-grapheme\README.md", "Markdown", 0, 0, 0, 0, 27, 0, 0, 0, 0, 0, 6, 33
"d:\Project\PHP\Luminode\Open_Luminode\vendor\symfony\polyfill-intl-grapheme\bootstrap.php", "PHP", 44, 0, 0, 0, 0, 0, 0, 0, 0, 8, 6, 58
"d:\Project\PHP\Luminode\Open_Luminode\vendor\symfony\polyfill-intl-grapheme\bootstrap80.php", "PHP", 44, 0, 0, 0, 0, 0, 0, 0, 0, 8, 7, 59
"d:\Project\PHP\Luminode\Open_Luminode\vendor\symfony\polyfill-intl-grapheme\composer.json", "JSON", 0, 0, 35, 0, 0, 0, 0, 0, 0, 0, 1, 36
"d:\Project\PHP\Luminode\Open_Luminode\vendor\symfony\polyfill-intl-normalizer\Normalizer.php", "PHP", 223, 0, 0, 0, 0, 0, 0, 0, 0, 26, 62, 311
"d:\Project\PHP\Luminode\Open_Luminode\vendor\symfony\polyfill-intl-normalizer\README.md", "Markdown", 0, 0, 0, 0, 10, 0, 0, 0, 0, 0, 5, 15
"d:\Project\PHP\Luminode\Open_Luminode\vendor\symfony\polyfill-intl-normalizer\Resources\stubs\Normalizer.php", "PHP", 13, 0, 0, 0, 0, 0, 0, 0, 0, 3, 2, 18
"d:\Project\PHP\Luminode\Open_Luminode\vendor\symfony\polyfill-intl-normalizer\Resources\unidata\canonicalComposition.php", "PHP", 944, 0, 0, 0, 0, 0, 0, 0, 0, 0, 2, 946
"d:\Project\PHP\Luminode\Open_Luminode\vendor\symfony\polyfill-intl-normalizer\Resources\unidata\canonicalDecomposition.php", "PHP", 2064, 0, 0, 0, 0, 0, 0, 0, 0, 0, 2, 2066
"d:\Project\PHP\Luminode\Open_Luminode\vendor\symfony\polyfill-intl-normalizer\Resources\unidata\combiningClass.php", "PHP", 875, 0, 0, 0, 0, 0, 0, 0, 0, 0, 2, 877
"d:\Project\PHP\Luminode\Open_Luminode\vendor\symfony\polyfill-intl-normalizer\Resources\unidata\compatibilityDecomposition.php", "PHP", 3694, 0, 0, 0, 0, 0, 0, 0, 0, 0, 2, 3696
"d:\Project\PHP\Luminode\Open_Luminode\vendor\symfony\polyfill-intl-normalizer\bootstrap.php", "PHP", 11, 0, 0, 0, 0, 0, 0, 0, 0, 8, 5, 24
"d:\Project\PHP\Luminode\Open_Luminode\vendor\symfony\polyfill-intl-normalizer\bootstrap80.php", "PHP", 8, 0, 0, 0, 0, 0, 0, 0, 0, 8, 4, 20
"d:\Project\PHP\Luminode\Open_Luminode\vendor\symfony\polyfill-intl-normalizer\composer.json", "JSON", 0, 0, 36, 0, 0, 0, 0, 0, 0, 0, 1, 37
"d:\Project\PHP\Luminode\Open_Luminode\vendor\symfony\polyfill-mbstring\Mbstring.php", "PHP", 784, 0, 0, 0, 0, 0, 0, 0, 0, 70, 192, 1046
"d:\Project\PHP\Luminode\Open_Luminode\vendor\symfony\polyfill-mbstring\README.md", "Markdown", 0, 0, 0, 0, 9, 0, 0, 0, 0, 0, 5, 14
"d:\Project\PHP\Luminode\Open_Luminode\vendor\symfony\polyfill-mbstring\Resources\unidata\caseFolding.php", "PHP", 118, 0, 0, 0, 0, 0, 0, 0, 0, 0, 2, 120
"d:\Project\PHP\Luminode\Open_Luminode\vendor\symfony\polyfill-mbstring\Resources\unidata\lowerCase.php", "PHP", 1396, 0, 0, 0, 0, 0, 0, 0, 0, 0, 2, 1398
"d:\Project\PHP\Luminode\Open_Luminode\vendor\symfony\polyfill-mbstring\Resources\unidata\titleCaseRegexp.php", "PHP", 2, 0, 0, 0, 0, 0, 0, 0, 0, 1, 3, 6
"d:\Project\PHP\Luminode\Open_Luminode\vendor\symfony\polyfill-mbstring\Resources\unidata\upperCase.php", "PHP", 1488, 0, 0, 0, 0, 0, 0, 0, 0, 0, 2, 1490
"d:\Project\PHP\Luminode\Open_Luminode\vendor\symfony\polyfill-mbstring\bootstrap.php", "PHP", 149, 0, 0, 0, 0, 0, 0, 0, 0, 8, 16, 173
"d:\Project\PHP\Luminode\Open_Luminode\vendor\symfony\polyfill-mbstring\bootstrap80.php", "PHP", 146, 0, 0, 0, 0, 0, 0, 0, 0, 8, 14, 168
"d:\Project\PHP\Luminode\Open_Luminode\vendor\symfony\polyfill-mbstring\composer.json", "JSON", 0, 0, 39, 0, 0, 0, 0, 0, 0, 0, 1, 40
"d:\Project\PHP\Luminode\Open_Luminode\vendor\symfony\polyfill-php80\Php80.php", "PHP", 82, 0, 0, 0, 0, 0, 0, 0, 0, 15, 19, 116
"d:\Project\PHP\Luminode\Open_Luminode\vendor\symfony\polyfill-php80\PhpToken.php", "PHP", 57, 0, 0, 0, 0, 0, 0, 0, 0, 34, 16, 107
"d:\Project\PHP\Luminode\Open_Luminode\vendor\symfony\polyfill-php80\README.md", "Markdown", 0, 0, 0, 0, 20, 0, 0, 0, 0, 0, 6, 26
"d:\Project\PHP\Luminode\Open_Luminode\vendor\symfony\polyfill-php80\Resources\stubs\Attribute.php", "PHP", 18, 0, 0, 0, 0, 0, 0, 0, 0, 9, 5, 32
"d:\Project\PHP\Luminode\Open_Luminode\vendor\symfony\polyfill-php80\Resources\stubs\PhpToken.php", "PHP", 6, 0, 0, 0, 0, 0, 0, 0, 0, 8, 3, 17
"d:\Project\PHP\Luminode\Open_Luminode\vendor\symfony\polyfill-php80\Resources\stubs\Stringable.php", "PHP", 7, 0, 0, 0, 0, 0, 0, 0, 0, 11, 3, 21
"d:\Project\PHP\Luminode\Open_Luminode\vendor\symfony\polyfill-php80\Resources\stubs\UnhandledMatchError.php", "PHP", 6, 0, 0, 0, 0, 0, 0, 0, 0, 8, 3, 17
"d:\Project\PHP\Luminode\Open_Luminode\vendor\symfony\polyfill-php80\Resources\stubs\ValueError.php", "PHP", 6, 0, 0, 0, 0, 0, 0, 0, 0, 8, 3, 17
"d:\Project\PHP\Luminode\Open_Luminode\vendor\symfony\polyfill-php80\bootstrap.php", "PHP", 29, 0, 0, 0, 0, 0, 0, 0, 0, 8, 6, 43
"d:\Project\PHP\Luminode\Open_Luminode\vendor\symfony\polyfill-php80\composer.json", "JSON", 0, 0, 37, 0, 0, 0, 0, 0, 0, 0, 1, 38
"d:\Project\PHP\Luminode\Open_Luminode\vendor\symfony\service-contracts\Attribute\Required.php", "PHP", 6, 0, 0, 0, 0, 0, 0, 0, 0, 16, 4, 26
"d:\Project\PHP\Luminode\Open_Luminode\vendor\symfony\service-contracts\Attribute\SubscribedService.php", "PHP", 17, 0, 0, 0, 0, 0, 0, 0, 0, 25, 6, 48
"d:\Project\PHP\Luminode\Open_Luminode\vendor\symfony\service-contracts\CHANGELOG.md", "Markdown", 0, 0, 0, 0, 4, 0, 0, 0, 0, 0, 2, 6
"d:\Project\PHP\Luminode\Open_Luminode\vendor\symfony\service-contracts\README.md", "Markdown", 0, 0, 0, 0, 6, 0, 0, 0, 0, 0, 4, 10
"d:\Project\PHP\Luminode\Open_Luminode\vendor\symfony\service-contracts\ResetInterface.php", "PHP", 6, 0, 0, 0, 0, 0, 0, 0, 0, 24, 4, 34
"d:\Project\PHP\Luminode\Open_Luminode\vendor\symfony\service-contracts\ServiceCollectionInterface.php", "PHP", 5, 0, 0, 0, 0, 0, 0, 0, 0, 18, 4, 27
"d:\Project\PHP\Luminode\Open_Luminode\vendor\symfony\service-contracts\ServiceLocatorTrait.php", "PHP", 77, 0, 0, 0, 0, 0, 0, 0, 0, 18, 20, 115
"d:\Project\PHP\Luminode\Open_Luminode\vendor\symfony\service-contracts\ServiceMethodsSubscriberTrait.php", "PHP", 47, 0, 0, 0, 0, 0, 0, 0, 0, 18, 16, 81
"d:\Project\PHP\Luminode\Open_Luminode\vendor\symfony\service-contracts\ServiceProviderInterface.php", "PHP", 9, 0, 0, 0, 0, 0, 0, 0, 0, 30, 7, 46
"d:\Project\PHP\Luminode\Open_Luminode\vendor\symfony\service-contracts\ServiceSubscriberInterface.php", "PHP", 7, 0, 0, 0, 0, 0, 0, 0, 0, 51, 5, 63
"d:\Project\PHP\Luminode\Open_Luminode\vendor\symfony\service-contracts\ServiceSubscriberTrait.php", "PHP", 47, 0, 0, 0, 0, 0, 0, 0, 0, 22, 16, 85
"d:\Project\PHP\Luminode\Open_Luminode\vendor\symfony\service-contracts\Test\ServiceLocatorTest.php", "PHP", 8, 0, 0, 0, 0, 0, 0, 0, 0, 11, 5, 24
"d:\Project\PHP\Luminode\Open_Luminode\vendor\symfony\service-contracts\Test\ServiceLocatorTestCase.php", "PHP", 69, 0, 0, 0, 0, 0, 0, 0, 0, 11, 18, 98
"d:\Project\PHP\Luminode\Open_Luminode\vendor\symfony\service-contracts\composer.json", "JSON", 0, 0, 42, 0, 0, 0, 0, 0, 0, 0, 1, 43
"d:\Project\PHP\Luminode\Open_Luminode\vendor\symfony\string\AbstractString.php", "PHP", 460, 0, 0, 0, 0, 0, 0, 0, 0, 85, 158, 703
"d:\Project\PHP\Luminode\Open_Luminode\vendor\symfony\string\AbstractUnicodeString.php", "PHP", 432, 0, 0, 0, 0, 0, 0, 0, 0, 36, 129, 597
"d:\Project\PHP\Luminode\Open_Luminode\vendor\symfony\string\ByteString.php", "PHP", 346, 0, 0, 0, 0, 0, 0, 0, 0, 31, 109, 486
"d:\Project\PHP\Luminode\Open_Luminode\vendor\symfony\string\CHANGELOG.md", "Markdown", 0, 0, 0, 0, 28, 0, 0, 0, 0, 0, 13, 41
"d:\Project\PHP\Luminode\Open_Luminode\vendor\symfony\string\CodePointString.php", "PHP", 188, 0, 0, 0, 0, 0, 0, 0, 0, 16, 57, 261
"d:\Project\PHP\Luminode\Open_Luminode\vendor\symfony\string\Exception\ExceptionInterface.php", "PHP", 5, 0, 0, 0, 0, 0, 0, 0, 0, 8, 4, 17
"d:\Project\PHP\Luminode\Open_Luminode\vendor\symfony\string\Exception\InvalidArgumentException.php", "PHP", 5, 0, 0, 0, 0, 0, 0, 0, 0, 8, 4, 17
"d:\Project\PHP\Luminode\Open_Luminode\vendor\symfony\string\Exception\RuntimeException.php", "PHP", 5, 0, 0, 0, 0, 0, 0, 0, 0, 8, 4, 17
"d:\Project\PHP\Luminode\Open_Luminode\vendor\symfony\string\Inflector\EnglishInflector.php", "PHP", 234, 0, 0, 0, 0, 0, 0, 0, 0, 209, 172, 615
"d:\Project\PHP\Luminode\Open_Luminode\vendor\symfony\string\Inflector\FrenchInflector.php", "PHP", 64, 0, 0, 0, 0, 0, 0, 0, 0, 56, 32, 152
"d:\Project\PHP\Luminode\Open_Luminode\vendor\symfony\string\Inflector\InflectorInterface.php", "PHP", 7, 0, 0, 0, 0, 0, 0, 0, 0, 22, 5, 34
"d:\Project\PHP\Luminode\Open_Luminode\vendor\symfony\string\LazyString.php", "PHP", 95, 0, 0, 0, 0, 0, 0, 0, 0, 24, 27, 146
"d:\Project\PHP\Luminode\Open_Luminode\vendor\symfony\string\README.md", "Markdown", 0, 0, 0, 0, 11, 0, 0, 0, 0, 0, 4, 15
"d:\Project\PHP\Luminode\Open_Luminode\vendor\symfony\string\Resources\data\wcswidth_table_wide.php", "PHP", 1167, 0, 0, 0, 0, 0, 0, 0, 0, 6, 3, 1176
"d:\Project\PHP\Luminode\Open_Luminode\vendor\symfony\string\Resources\data\wcswidth_table_zero.php", "PHP", 1451, 0, 0, 0, 0, 0, 0, 0, 0, 6, 3, 1460
"d:\Project\PHP\Luminode\Open_Luminode\vendor\symfony\string\Resources\functions.php", "PHP", 21, 0, 0, 0, 0, 0, 0, 0, 0, 11, 7, 39
"d:\Project\PHP\Luminode\Open_Luminode\vendor\symfony\string\Slugger\AsciiSlugger.php", "PHP", 149, 0, 0, 0, 0, 0, 0, 0, 0, 31, 31, 211
"d:\Project\PHP\Luminode\Open_Luminode\vendor\symfony\string\Slugger\SluggerInterface.php", "PHP", 7, 0, 0, 0, 0, 0, 0, 0, 0, 16, 5, 28
"d:\Project\PHP\Luminode\Open_Luminode\vendor\symfony\string\UnicodeString.php", "PHP", 271, 0, 0, 0, 0, 0, 0, 0, 0, 28, 87, 386
"d:\Project\PHP\Luminode\Open_Luminode\vendor\symfony\string\composer.json", "JSON", 0, 0, 42, 0, 0, 0, 0, 0, 0, 0, 1, 43
"d:\Project\PHP\Luminode\Open_Luminode\vendor\vlucas\phpdotenv\composer.json", "JSON", 0, 0, 60, 0, 0, 0, 0, 0, 0, 0, 1, 61
"d:\Project\PHP\Luminode\Open_Luminode\vendor\vlucas\phpdotenv\src\Dotenv.php", "PHP", 104, 0, 0, 0, 0, 0, 0, 0, 0, 132, 32, 268
"d:\Project\PHP\Luminode\Open_Luminode\vendor\vlucas\phpdotenv\src\Exception\ExceptionInterface.php", "PHP", 7, 0, 0, 0, 0, 0, 0, 0, 0, 1, 5, 13
"d:\Project\PHP\Luminode\Open_Luminode\vendor\vlucas\phpdotenv\src\Exception\InvalidEncodingException.php", "PHP", 7, 0, 0, 0, 0, 0, 0, 0, 0, 1, 5, 13
"d:\Project\PHP\Luminode\Open_Luminode\vendor\vlucas\phpdotenv\src\Exception\InvalidFileException.php", "PHP", 7, 0, 0, 0, 0, 0, 0, 0, 0, 1, 5, 13
"d:\Project\PHP\Luminode\Open_Luminode\vendor\vlucas\phpdotenv\src\Exception\InvalidPathException.php", "PHP", 7, 0, 0, 0, 0, 0, 0, 0, 0, 1, 5, 13
"d:\Project\PHP\Luminode\Open_Luminode\vendor\vlucas\phpdotenv\src\Exception\ValidationException.php", "PHP", 7, 0, 0, 0, 0, 0, 0, 0, 0, 1, 5, 13
"d:\Project\PHP\Luminode\Open_Luminode\vendor\vlucas\phpdotenv\src\Loader\Loader.php", "PHP", 29, 0, 0, 0, 0, 0, 0, 0, 0, 12, 8, 49
"d:\Project\PHP\Luminode\Open_Luminode\vendor\vlucas\phpdotenv\src\Loader\LoaderInterface.php", "PHP", 8, 0, 0, 0, 0, 0, 0, 0, 0, 8, 5, 21
"d:\Project\PHP\Luminode\Open_Luminode\vendor\vlucas\phpdotenv\src\Loader\Resolver.php", "PHP", 31, 0, 0, 0, 0, 0, 0, 0, 0, 28, 7, 66
"d:\Project\PHP\Luminode\Open_Luminode\vendor\vlucas\phpdotenv\src\Parser\Entry.php", "PHP", 22, 0, 0, 0, 0, 0, 0, 0, 0, 29, 9, 60
"d:\Project\PHP\Luminode\Open_Luminode\vendor\vlucas\phpdotenv\src\Parser\EntryParser.php", "PHP", 166, 0, 0, 0, 0, 0, 0, 0, 0, 110, 25, 301
"d:\Project\PHP\Luminode\Open_Luminode\vendor\vlucas\phpdotenv\src\Parser\Lexer.php", "PHP", 27, 0, 0, 0, 0, 0, 0, 0, 0, 21, 11, 59
"d:\Project\PHP\Luminode\Open_Luminode\vendor\vlucas\phpdotenv\src\Parser\Lines.php", "PHP", 60, 0, 0, 0, 0, 0, 0, 0, 0, 49, 19, 128
"d:\Project\PHP\Luminode\Open_Luminode\vendor\vlucas\phpdotenv\src\Parser\Parser.php", "PHP", 30, 0, 0, 0, 0, 0, 0, 0, 0, 18, 6, 54
"d:\Project\PHP\Luminode\Open_Luminode\vendor\vlucas\phpdotenv\src\Parser\ParserInterface.php", "PHP", 7, 0, 0, 0, 0, 0, 0, 0, 0, 9, 4, 20
"d:\Project\PHP\Luminode\Open_Luminode\vendor\vlucas\phpdotenv\src\Parser\Value.php", "PHP", 35, 0, 0, 0, 0, 0, 0, 0, 0, 41, 13, 89
"d:\Project\PHP\Luminode\Open_Luminode\vendor\vlucas\phpdotenv\src\Repository\AdapterRepository.php", "PHP", 41, 0, 0, 0, 0, 0, 0, 0, 0, 53, 14, 108
"d:\Project\PHP\Luminode\Open_Luminode\vendor\vlucas\phpdotenv\src\Repository\Adapter\AdapterInterface.php", "PHP", 7, 0, 0, 0, 0, 0, 0, 0, 0, 5, 4, 16
"d:\Project\PHP\Luminode\Open_Luminode\vendor\vlucas\phpdotenv\src\Repository\Adapter\ApacheAdapter.php", "PHP", 37, 0, 0, 0, 0, 0, 0, 0, 0, 42, 11, 90
"d:\Project\PHP\Luminode\Open_Luminode\vendor\vlucas\phpdotenv\src\Repository\Adapter\ArrayAdapter.php", "PHP", 31, 0, 0, 0, 0, 0, 0, 0, 0, 38, 12, 81
"d:\Project\PHP\Luminode\Open_Luminode\vendor\vlucas\phpdotenv\src\Repository\Adapter\EnvConstAdapter.php", "PHP", 41, 0, 0, 0, 0, 0, 0, 0, 0, 36, 13, 90
"d:\Project\PHP\Luminode\Open_Luminode\vendor\vlucas\phpdotenv\src\Repository\Adapter\GuardedWriter.php", "PHP", 31, 0, 0, 0, 0, 0, 0, 0, 0, 44, 11, 86
"d:\Project\PHP\Luminode\Open_Luminode\vendor\vlucas\phpdotenv\src\Repository\Adapter\ImmutableWriter.php", "PHP", 41, 0, 0, 0, 0, 0, 0, 0, 0, 54, 16, 111
"d:\Project\PHP\Luminode\Open_Luminode\vendor\vlucas\phpdotenv\src\Repository\Adapter\MultiReader.php", "PHP", 22, 0, 0, 0, 0, 0, 0, 0, 0, 19, 8, 49
"d:\Project\PHP\Luminode\Open_Luminode\vendor\vlucas\phpdotenv\src\Repository\Adapter\MultiWriter.php", "PHP", 29, 0, 0, 0, 0, 0, 0, 0, 0, 27, 9, 65
"d:\Project\PHP\Luminode\Open_Luminode\vendor\vlucas\phpdotenv\src\Repository\Adapter\PutenvAdapter.php", "PHP", 39, 0, 0, 0, 0, 0, 0, 0, 0, 40, 13, 92
"d:\Project\PHP\Luminode\Open_Luminode\vendor\vlucas\phpdotenv\src\Repository\Adapter\ReaderInterface.php", "PHP", 7, 0, 0, 0, 0, 0, 0, 0, 0, 7, 4, 18
"d:\Project\PHP\Luminode\Open_Luminode\vendor\vlucas\phpdotenv\src\Repository\Adapter\ReplacingWriter.php", "PHP", 40, 0, 0, 0, 0, 0, 0, 0, 0, 50, 15, 105
"d:\Project\PHP\Luminode\Open_Luminode\vendor\vlucas\phpdotenv\src\Repository\Adapter\ServerConstAdapter.php", "PHP", 41, 0, 0, 0, 0, 0, 0, 0, 0, 36, 13, 90
"d:\Project\PHP\Luminode\Open_Luminode\vendor\vlucas\phpdotenv\src\Repository\Adapter\WriterInterface.php", "PHP", 8, 0, 0, 0, 0, 0, 0, 0, 0, 15, 5, 28
"d:\Project\PHP\Luminode\Open_Luminode\vendor\vlucas\phpdotenv\src\Repository\RepositoryBuilder.php", "PHP", 130, 0, 0, 0, 0, 0, 0, 0, 0, 109, 34, 273
"d:\Project\PHP\Luminode\Open_Luminode\vendor\vlucas\phpdotenv\src\Repository\RepositoryInterface.php", "PHP", 10, 0, 0, 0, 0, 0, 0, 0, 0, 35, 7, 52
"d:\Project\PHP\Luminode\Open_Luminode\vendor\vlucas\phpdotenv\src\Store\FileStore.php", "PHP", 30, 0, 0, 0, 0, 0, 0, 0, 0, 31, 12, 73
"d:\Project\PHP\Luminode\Open_Luminode\vendor\vlucas\phpdotenv\src\Store\File\Paths.php", "PHP", 19, 0, 0, 0, 0, 0, 0, 0, 0, 19, 7, 45
"d:\Project\PHP\Luminode\Open_Luminode\vendor\vlucas\phpdotenv\src\Store\File\Reader.php", "PHP", 35, 0, 0, 0, 0, 0, 0, 0, 0, 37, 10, 82
"d:\Project\PHP\Luminode\Open_Luminode\vendor\vlucas\phpdotenv\src\Store\StoreBuilder.php", "PHP", 51, 0, 0, 0, 0, 0, 0, 0, 0, 74, 17, 142
"d:\Project\PHP\Luminode\Open_Luminode\vendor\vlucas\phpdotenv\src\Store\StoreInterface.php", "PHP", 7, 0, 0, 0, 0, 0, 0, 0, 0, 7, 4, 18
"d:\Project\PHP\Luminode\Open_Luminode\vendor\vlucas\phpdotenv\src\Store\StringStore.php", "PHP", 15, 0, 0, 0, 0, 0, 0, 0, 0, 17, 6, 38
"d:\Project\PHP\Luminode\Open_Luminode\vendor\vlucas\phpdotenv\src\Util\Regex.php", "PHP", 43, 0, 0, 0, 0, 0, 0, 0, 0, 58, 12, 113
"d:\Project\PHP\Luminode\Open_Luminode\vendor\vlucas\phpdotenv\src\Util\Str.php", "PHP", 44, 0, 0, 0, 0, 0, 0, 0, 0, 52, 13, 109
"d:\Project\PHP\Luminode\Open_Luminode\vendor\vlucas\phpdotenv\src\Validator.php", "PHP", 102, 0, 0, 0, 0, 0, 0, 0, 0, 86, 20, 208
"Total", "-", 47987, 6, 3802, 40, 1876, 124, 29, 480, 159, 17500, 10634, 82637